"Nombre";"Especialidad";"Subespecialidad";"Web";"Telefono";"Email";"Direccion_Zona";"Valoracion_Google";"Numero_resenas";"Usa_Google_Ads";"GBP_optimizado";"Oportunidad_detectada";"Puntuacion_0_100";"Prioridad";"Tiene_web";"Resumen_web";"DAFO_fortalezas";"DAFO_debilidades";"DAFO_oportunidades";"DAFO_amenazas";"LinkedIn_URL";"LinkedIn_decision";"Fuente"
"Aurea Clinic";"Medicina Estética";"Cirugía Plástica";"https://aureaclinic.com";"";"info@aureaclinic.com";"Aljarafe, Sevilla";"4,9";"";"SÍ";"SÍ";"Web premium oportunidad en contenido";"85";"Máxima";"SÍ";"Dra. Ana Martínez Padilla";"";"";"";"";"";"";"ampliada-v2"
"Clínica Yasmin Al Adib";"Medicina Estética";"General";"https://clinicayasmin.com";"";"drayasminaladib@gmail.com";"Sevilla";"4,8";"";"SÍ";"SÍ";"Web premium";"82";"Máxima";"SÍ";"Web premium referente";"";"";"";"";"";"";"ampliada-v2"
"Clínica Dental Julián Saiz";"DENTAL";"Implantes, ortodoncia, estética dental, rehabilitación oral";"https://clinicajuliansaiz.com";"954 533 594";"clinica@clinicajuliansaiz.com";"";"";"";"SÍ";"SÍ";"Desde 1974. Equipo 15 personas. Concepto """"""""""""""""Odontología Slow"""""""""""""""". Marca Clínica W. Buen SEO.";"80";"A";"SÍ";"Web premium con diseño atractivo, blog, equipo detallado (15 profesionales), concepto """"""""""""""""Odontología Slow""""""""""""""""";"Historia desde 1974, concepto diferencial """"""""""""""""Odontología Slow"""""""""""""""", equipo grande con anestesista, múltiples certificaciones";"Precios no visibles en web, poca presencia en Google Maps con reseñas";"Crear campañas SEM para tratamientos de alto valor (implantes, rehabilitación), potenciar Google My Business";"Cadenas dentales low-cost (Vitaldent, CEOP) que compiten en precio, nuevas clínicas con marketing agresivo";"";"";"ampliada"
"Clínica Piñero & Bilbao";"Odontología";"Estética";"https://pinerobilbao.es";"";"info@pinerobilbao.es";"Los Remedios, Sevilla";"4,8";"";"SÍ";"SÍ";"Podría mejorar posicionamiento local";"78";"Alta";"SÍ";"Web moderna con blog y casos";"";"";"";"";"";"";"ampliada-v2"
"Ginemed Sevilla";"Fertilidad";"Reproducción asistida, FIV, Ovodonación, ginecología";"https://www.ginemed.es/centros/clinica-reproduccion-asistida-ginemed-sevilla";"954 872 420";"administracion@ginemed.es";"C/ Farmacéutico Murillo Herrera 3, 41010 Sevilla (Triana)";"4,7";"";"SÍ";"SÍ";"Cadena nacional con fuerte inversión en marketing. Primer visita gratis. Alto ticket. SEO consolidado.";"78";"Alta";"SÍ";"Web moderna con múltiples landing pages, blog activo, SEO trabajado, presencia en redes";"Red nacional con alto presupuesto marketing, primera visita gratuita, financiación 100%, equipo médico amplio";"Información de precios poco transparente, dependencia de marca corporativa que puede restar cercanía";"Reforzar contenido local (Sevilla), crear campañas específicas para el centro de Triana";"Gran competitividad en el sector fertilidad, guerras de precios entre clínicas";"";"";"ampliada+ampliada-v2"
"Clínica Dental Manosalbas";"Odontología";"General";"https://clinicadental-manosalbas.com";"";"info@clinicadental-manosalbas.com";"Sevilla Este";"4,8";"";"SÍ";"SÍ";"Buena web pero oportunidad SEO local";"77";"Alta";"SÍ";"Web moderna, tecnología 3D, blog";"";"";"";"";"";"";"ampliada-v2"
"Bonaderma";"Dermatología";"Dermatología médica y estética, facial";"https://www.bonaderma.com";"678 120 542";"info@bonaderma.com";"C/ Albareda 22, 41001 Sevilla (Centro)";"4,8";"";"PROBABLE";"PARCIAL";"+35 años. Referente en acné y cáncer de piel. Sin blog activo. Oportunidad contenido.";"76";"Alta";"SÍ";"Web profesional con servicios detallados, equipo médico, sin blog activo";"Equipo con +35 años de experiencia, referente en patologías complejas como cáncer de piel, ubicación centro Sevilla";"Sin blog activo, contenido estático, poca presencia en redes sociales";"Crear blog con contenido SEO sobre dermatología (acné, manchas, prevención cáncer de piel), campañas SEM estacionales";"Grandes grupos hospitalarios con unidades de dermatología potentes, telemedicina";"";"";"ampliada+ampliada-v2"
"Carmen Sarmiento Centro Estética";"Medicina Estética";"Medicina estética, belleza, tecnología no invasiva";"https://carmensarmiento.net";"955 546 020";"info@carmensarmiento.net";"C/ Marqués de Paradas 37, 41001 Sevilla (Centro)";"4,7";"";"PROBABLE";"PARCIAL";"Desde 1998. Tecnología única en Sevilla para remodeling no invasivo. Web mejorable, oportunidad SEO.";"76";"Alta";"SÍ";"Web informativa con catálogo de servicios, blog escaso, presencia en Instagram y Facebook";"Desde 1998, tecnología única (Láser Frío Ultraclear exclusivo en Sevilla), ubicación céntrica, branding personal";"Web con diseño anticuado, blog inactivo, sin estrategia SEO aparente, poca presencia en Google Maps";"Renovar web y aplicar SEO, activar blog con contenido sobre medicina estética no invasiva, campañas SEM";"Competidores emergentes con webs más modernas, auge de tratamientos low-cost";"";"";"ampliada+ampliada-v2"
"Centro Médico Colón 15";"Centro Médico";"Avanzado";"https://colon15.com";"";"info@colon15.com";"C. Colón 15, junto Plaza Toros, Sevilla";"4,7";"";"SÍ";"SÍ";"Web premium";"76";"Alta";"SÍ";"Centro médico avanzado referencia";"";"";"";"";"";"";"ampliada-v2"
"Clínica Beiman Los Remedios";"Fisioterapia";"Medicina Deportiva";"https://www.clinicabeiman.es/sevilla";"";"infosevilla@clinicabeiman.com";"Los Remedios, Sevilla";"4,7";"";"SÍ";"SÍ";"Instalaciones premium";"76";"Alta";"SÍ";"300m² instalaciones premium";"";"";"";"";"";"";"ampliada-v2"
"Clínica Montecarmelo";"Odontología";"Estética";"https://clinicamontecarmelo.es";"";"info@clinicamontecarmelo.es";"Los Remedios, Sevilla";"4,5";"";"SÍ";"SÍ";"Doble enfoque dental-estética";"76";"Alta";"SÍ";"Clínica estética y dental combinada";"";"";"";"";"";"";"ampliada-v2"
"Sevilla Laser Clinic";"Oftalmología";"Cirugía Refractiva";"https://sevillalaserclinic.es";"";"info@sevillalaserclinic.es";"Sevilla";"4,8";"";"SÍ";"SÍ";"30 años oportunidad contenido";"76";"Alta";"SÍ";"30 años experiencia";"";"";"";"";"";"";"ampliada-v2"
"Clínica Dental Doble Ese";"Odontología";"General";"https://dobleese.es/clinica-dental-triana-sevilla";"";"";"Triana, Sevilla";"4,6";"";"SÍ";"SÍ";"Buena web, +25.000 pacientes";"75";"Alta";"SÍ";"Web moderna";"";"";"";"";"";"";"ampliada-v2"
"Clínica Dental Siguero";"Odontología";"Avanzada";"https://clinicasiguero.es";"";"info@clinicasiguero.com";"Los Remedios, Sevilla";"4,6";"";"NO";"SÍ";"Sin estrategia redes visible";"74";"Alta";"SÍ";"Centro Odontología Avanzada +15 años";"";"";"";"";"";"";"ampliada-v2"
"Clínica Mallen";"Medicina Estética";"Medicina y cirugía estética, lipotransformación, facial";"https://clinicamallen.com";"954 64 27 29";"info@clinicamallen.com";"Av. de la Cruz del Campo 38, 41005 Sevilla (Nervión)";"4,6";"";"PROBABLE";"SÍ";"Histórica desde 1983 con equipo multidisciplinar. Oportunidad en campañas SEM y SEO local.";"74";"Alta";"SÍ";"Web completa con blog, catálogo de tratamientos, equipo, testimonios, Instagram activo";"Trayectoria consolidada (40+ años), equipo multidisciplinar (médicos, cirujanos, nutricionistas, psicólogos), alta reputación local";"Diseño web algo desactualizado, blog con pocas publicaciones recientes";"Mejorar SEO on-page, activar blog con contenido frecuente, campaña Google Ads para captación de leads";"Clínicas más modernas con mejor presencia digital, grandes grupos de estética";"";"";"ampliada+ampliada-v2"
"Dental Este";"Odontología";"General";"https://www.dentaleste.com";"";"recepcion@dentaleste.com";"Sevilla Este";"4,7";"";"SÍ";"SÍ";"Instagram activo pero web mejorable";"74";"Alta";"SÍ";"+20 años, Instagram";"";"";"";"";"";"";"ampliada-v2"
"Mara Medicina Estética";"Medicina Estética";"General";"https://maramedicinaestetica.com";"";"mara@maramedicinaestetica.com";"Sevilla";"4,7";"";"SÍ";"SÍ";"Buena web oportunidad contenido";"74";"Alta";"SÍ";"15 años Dra. Mara";"";"";"";"";"";"";"ampliada-v2"
"Clínica Dental de Mora";"Odontología";"General";"https://www.clinicademora.es";"";"info@clinicademora.es";"C. Virgen de Luján, Los Remedios, Sevilla";"4,5";"";"NO";"SÍ";"Web corporativa clásica sin blog";"72";"Alta";"SÍ";"Clínica familiar fundada 1970, tercera generación";"";"";"";"";"";"";"ampliada-v2"
"Clínica Dermatológica Dra. Sara López";"Dermatología";"Dermatología médico-quirúrgica, ITS";"https://clinicasaralopez.com";"";"recepcion@clinicasaralopez.com";"Sevilla";"4,7";"";"SÍ";"PARCIAL";"+20 años. Unidad ITS. Web informativa. Oportunidad contenido dermatología.";"72";"Alta";"SÍ";"Web informativa con servicios, unidad ITS destacada, sin blog";"+20 años de experiencia, unidad especializada en ITS, enfoque en dermatología quirúrgica";"Sin blog, diseño web mejorable, poca actividad en redes";"Crear contenido SEO sobre dermatología e ITS, campañas SEM locales";"Grandes grupos hospitalarios, telemedicina dermatológica";"";"";"ampliada+ampliada-v2"
"Clínica Londres Nervión";"Medicina Estética";"General";"https://www.clinicalondres.es/clinicas/sevilla-nervion";"";"dpo@clinicalondres.es";"Nervión, Sevilla";"4,6";"";"SÍ";"SÍ";"Red nacional oportunidad contenido local";"72";"Alta";"SÍ";"Red nacional";"";"";"";"";"";"";"ampliada-v2"
"Clínica Podológica Dr. Gordillo";"Podología";"General";"http://www.doctoresdelpie.es";"";"info@doctoresdelpie.es";"Av. Miraflores, Sevilla";"4,7";"";"SÍ";"SÍ";"25 años internacional";"72";"Alta";"SÍ";"25 años biomecánica deportiva";"";"";"";"";"";"";"ampliada-v2"
"Dentistas M16";"Odontología";"General";"https://clinicam16.com";"";"dentistas@miraflores16.es";"Sevilla";"4,6";"";"SÍ";"SÍ";"Web moderna con blog";"72";"Alta";"SÍ";"Web moderna con blog";"";"";"";"";"";"";"ampliada-v2"
"Dr. José Quintana Cruz";"Traumatología";"Columna";"https://josequintanacruz.com";"";"cita@josequintanacruz.com";"Sevilla";"4,6";"";"SÍ";"SÍ";"Nicho columna oportunidad";"72";"Alta";"SÍ";"Especialista columna radiofrecuencia";"";"";"";"";"";"";"ampliada-v2"
"INSEGO";"Ginecología";"Oncología Ginecológica";"https://insego.es";"";"citas@insego.es";"Sevilla";"4,7";"";"SÍ";"SÍ";"Desde 1993 web mejorable";"72";"Alta";"SÍ";"Desde 1993 ginecología oncología";"";"";"";"";"";"";"ampliada-v2"
"Klinident Aljarafe";"Odontología";"Multidisciplinar";"https://www.klinident.com";"";"info@klinident.com";"C. Paraje Paterna 14-16, Bormujos";"4,6";"";"SÍ";"SÍ";"Buena web oportunidad contenido";"72";"Alta";"SÍ";"Dra. Rosa M. Díaz";"";"";"";"";"";"";"ampliada-v2"
"Logopedia (h)abla";"Logopedia";"Infantil";"https://www.logopediahabla.es";"";"info@logopediahabla.es";"Tomares, Sevilla";"4,7";"";"SÍ";"SÍ";"Tomares oportunidad contenido";"72";"Alta";"SÍ";"Atención temprana terapia domicilio";"";"";"";"";"";"";"ampliada-v2"
"Urogy Clínica Urología";"Urología";"General";"https://www.urogyclinicaurologia.com";"";"info@urogyclinicaurologia.com";"Sevilla";"4,7";"";"SÍ";"SÍ";"Cirugía robótica web mejorable";"72";"Alta";"SÍ";"Cirugía robótica Da Vinci";"";"";"";"";"";"";"ampliada-v2"
"Centro Urológico San Ignacio";"Urología";"General";"https://centrourologico.es";"";"centrourologico@centrourologico.es";"Sevilla";"4,6";"";"SÍ";"SÍ";"Fundado 1990 web mejorable";"70";"Alta";"SÍ";"Fundado 1990 unidad dolor";"";"";"";"";"";"";"ampliada-v2"
"Centro Voces";"Logopedia";"Integral";"https://www.centrovoces.es";"";"info@centrovoces.es";"Sevilla";"4,6";"";"SÍ";"SÍ";"Web premium";"70";"Alta";"SÍ";"Logopedia psicología pedagogía integral";"";"";"";"";"";"";"ampliada-v2"
"Clínica Centro Sevilla";"Odontología";"Especialidades";"https://www.clinicacentrosevilla.com";"";"info@clinicacentrosevilla.com";"Centro, Sevilla";"4,7";"";"NO";"SÍ";"+20 años, web básica sin blog";"70";"Alta";"SÍ";"Reconstrucción ósea";"";"";"";"";"";"";"ampliada-v2"
"Clínica Dental Galán y Peláez";"DENTAL";"Odontología general, implantes, ortodoncia, estética";"https://galanypelaez.es";"954 43 90 73";"inforonda@galanypelaez.es";"Ronda de Capuchinos 31-35, 41003 Sevilla + Estrella Canopus 23 + Camas";"";"";"SÍ";"SÍ";"3 sedes. Fuerte en TikTok/Instagram. Campañas activas. Oportunidad en contenido SEO.";"70";"B";"SÍ";"Web moderna con diseño cuidado, blog, fuerte presencia en TikTok, Instagram y Facebook";"3 sedes (Sevilla capital + Camas), fuerte presencia en redes sociales (TikTok, Instagram), equipo joven y dinámico";"Contenido web mejorable en profundidad SEO, blog con pocos artículos";"Reforzar SEO local para cada sede, crear contenido de valor para blog, campañas SEM segmentadas";"Franquicias dentales low-cost con mayor inversión publicitaria, Vitaldent, CEOP";"";"";"ampliada"
"Clínica NES";"Nutrición";"Dietética";"https://clinicanes.es";"";"lopd@clinicanes.es";"Sevilla";"4,6";"";"SÍ";"SÍ";"Desde 1990 oportunidad contenido";"70";"Alta";"SÍ";"Desde 1990 +20.000 pacientes";"";"";"";"";"";"";"ampliada-v2"
"Clínica Ruher";"Odontología";"General";"http://www.clinicaruher.es";"";"clinicaruher@clinicaruher.es";"C. Virgen de Luján 31, 41011 Sevilla";"4,7";"";"NO";"SÍ";"Sin blog activo ni contenidos";"70";"Alta";"SÍ";"Implantes, Invisalign, urgencias";"";"";"";"";"";"";"ampliada-v2"
"Hospital Quirónsalud Sagrado Corazón";"Hospital Privado";"Multiespecialidad";"https://www.quironsalud.com/sagrado-corazon";"";"info@quironsalud.es";"Sevilla";"4,6";"";"SÍ";"SÍ";"Gran grupo";"70";"Alta";"SÍ";"Hospital privado referencia";"";"";"";"";"";"";"ampliada-v2"
"Salas Lluch";"Fisioterapia";"Multidisciplinar";"https://www.salaslluch.com";"";"clinicasalaslluch@gmail.com";"Sevilla";"4,6";"";"SÍ";"SÍ";"Homologada Junta Andalucía";"70";"Alta";"SÍ";"Centro médico homologado";"";"";"";"";"";"";"ampliada-v2"
"CALIDENTAL";"Odontología";"Implantes";"https://calidental.es";"";"info@calidental.es";"Sevilla y Mairena";"4,5";"";"SÍ";"SÍ";"Oportunidad SEO Aljarafe";"68";"Alta";"SÍ";"Implantes ortodoncia";"";"";"";"";"";"";"ampliada-v2"
"Camila Mamedio";"Medicina Estética";"Estética avanzada";"https://camilamamedio.com";"";"camilamamedioestetica@gmail.com";"Nervión, Sevilla";"4,6";"";"SÍ";"SÍ";"Oportunidad SEO local";"68";"Alta";"SÍ";"Tratamientos integrativos";"";"";"";"";"";"";"ampliada-v2"
"Central Clinic Sevilla";"MED-EST";"Medicina estética, rejuvenecimiento facial y corporal";"https://www.centralclinic.es";"955 287 227";"info@centralclinic.es";"C/ Amador de los Ríos 48, 41003 Sevilla (Centro)";"";"";"PROBABLE";"PARCIAL";"Pioneros en medicina estética. Web funcional pero SEO mejorable. Oportunidad en marketing digital.";"68";"B";"SÍ";"Web informativa con servicios, blog sin actividad, presencia en Instagram (Dra. Dolores Sánchez)";"Dra. Sánchez como referente, 11+ años de experiencia, ubicación céntrica, trato personalizado";"Web con diseño básico, blog inactivo, poca presencia en Google Maps";"Renovar web y aplicar estrategia SEO, activar blog con contenido educativo, campañas SEM para captación";"Clínicas de estética con más inversión en marketing digital, auge de plataformas low-cost";"";"";"ampliada"
"Centro Médico Zona Este";"Centro Médico";"Medicina general, dermatología, análisis clínicos, fisioterapia";"https://centromedicozonaeste.com";"954 520 010";"info@centromedicozonaeste.com";"C/ Cueva del Agua 5, 41020 Sevilla Este";"4,6";"";"PROBABLE";"PARCIAL";"Desde 1987. Múltiples especialidades. Web mejorable, oportunidad SEO local.";"68";"Alta";"SÍ";"Web informativa con servicios, galería de fotos, testimoniales, presencia en Instagram";"Desde 1987 en Sevilla Este, atención a aseguradoras y particulares, buena reputación local";"Diseño web mejorable, sin blog activo, contenido SEO escaso";"Renovar web con enfoque SEO local, activar blog con contenido de salud, campañas Google Ads zona Este";"Hospital Viamed Sevilla Este, Quirónsalud Sevilla Este con más recursos";"";"";"ampliada+ampliada-v2"
"Esther Mi Psicóloga";"Psicología";"General";"https://www.esthermipsicologa.com/centro-psicologico-sevilla";"";"info@esthermipsicologa.com";"Sevilla";"4,6";"";"SÍ";"SÍ";"Buena web";"68";"Alta";"SÍ";"Centro con psicólogas y psiquiatras";"";"";"";"";"";"";"ampliada-v2"
"Hospital Viamed Santa Ángela Cruz";"Hospital Privado";"Multiespecialidad";"https://www.viamedsalud.com/hospital-santa-angela-de-la-cruz";"";"jvd@viamedsantaangeladelacruz.com";"Sevilla";"4,5";"";"SÍ";"SÍ";"229 profesionales";"68";"Media";"SÍ";"229 profesionales todas especialidades";"";"";"";"";"";"";"ampliada-v2"
"Marpedental";"Odontología";"Dental y Estética";"https://marpedental.com";"";"info@marpedental.com";"Avda. República Argentina, Los Remedios, Sevilla";"4,6";"";"NO";"SÍ";"Sin blog ni contenidos frescos";"68";"Alta";"SÍ";"Combina odontología con medicina estética";"";"";"";"";"";"";"ampliada-v2"
"Martínez Alarcón Podología";"Podología";"Avanzada";"https://martinezalarconpodologos.es";"";"info@martinezalarconpodologos.es";"C. Castilla 67, Sevilla";"4,6";"";"SÍ";"SÍ";"Web moderna";"68";"Alta";"SÍ";"Tecnología avanzada ecografía";"";"";"";"";"";"";"ampliada-v2"
"ORALIS Odontología";"Odontología";"Especializada";"https://www.oralis.es/clinica-odontologia-especializada";"";"rgpd@oralis.es";"Sevilla";"4,7";"";"NO";"SÍ";"40 años, necesidad renovación web";"68";"Alta";"SÍ";"40 años liderando";"";"";"";"";"";"";"ampliada-v2"
"Podovir";"Podología";"General";"https://podovir.com";"";"podovir@hotmail.com";"Sevilla";"4,7";"";"SÍ";"SÍ";"Oportunidad contenido SEO";"68";"Alta";"SÍ";"18 años láser biomecánica";"";"";"";"";"";"";"ampliada-v2"
"Sevilla Dental";"Odontología";"General";"https://sevilladental.net";"955021300";"informacion@sevilladental.net";"Avda. Pinos 20, Dos Hermanas";"4,5";"";"SÍ";"SÍ";"+35 años, oportunidad SEO local";"68";"Alta";"SÍ";"+35 años, Instagram";"";"";"";"";"";"";"ampliada-v2"
"Urología Integral";"Urología";"Oncológica";"https://www.urologiaintegral.es";"";"riveralealurologia@gmail.com";"Sevilla";"4,5";"";"SÍ";"SÍ";"Oportunidad contenido cáncer próstata";"68";"Alta";"SÍ";"Cáncer próstata láser verde";"";"";"";"";"";"";"ampliada-v2"
"Yo Ginecología";"Ginecología";"Obstetricia";"https://yoginecologia.com";"";"info@yoginecologia.com";"Sevilla";"4,6";"";"SÍ";"SÍ";"4 ginecólogas";"68";"Alta";"SÍ";"4 ginecólogas +15 años";"";"";"";"";"";"";"ampliada-v2"
"Clínica Dental EMET";"DENTAL";"Odontología general, estética, implantes, ortodoncia";"https://www.clinicaemet.com";"955 389 614 / 955 344 825";"clinicaemet@gmail.com";"C/ Pelay Correa 83 (Triana) y C/ Feria 128 (Macarena), Sevilla";"";"";"PROBABLE";"PARCIAL";"Dos clínicas. Primera consulta gratuita. Oportunidad clara en Google Ads local.";"67";"B";"SÍ";"Web informativa con dos sedes, blog básico, presencia activa en Instagram y Facebook";"Dos ubicaciones estratégicas (Triana y Macarena), primera consulta gratuita, equipo especializado";"Contenido web genérico, blog poco actualizado, sin diferenciación clara frente a competidores";"Implementar Google Ads local para captar pacientes cerca de cada sede, mejorar contenido SEO";"Cadenas dentales con mayor presupuesto publicitario, Vitaldent en la misma zona";"";"";"ampliada"
"Andromedi Sevilla";"Urología";"Andrología";"https://www.andromedi.com/clinica-sevilla";"";"info@andromedi.com";"Colón 15, Sevilla";"4,5";"";"SÍ";"SÍ";"En centro médico";"66";"Media";"SÍ";"Urología andrología avanzada";"";"";"";"";"";"";"ampliada-v2"
"Centro Gin Estético Nervión";"Ginecología";"General";"";"954582200";"info@medicinaesteticanervion.com";"C. José Luis de Casso 3, Nervión";"4,5";"";"SÍ";"SÍ";"Doble enfoque oportunidad";"66";"Alta";"NO";"Doble enfoque ginecología-estética";"";"";"";"";"";"";"ampliada-v2"
"Clínica Dental Cecilia";"Odontología";"General";"https://clinicadentalcecilia.com";"";"clinicadentalcecilia@gmail.com";"Bormujos";"4,7";"";"NO";"SÍ";"Web básica sin blog";"66";"Alta";"SÍ";"Dra. Cecilia Jiménez";"";"";"";"";"";"";"ampliada-v2"
"IFV Viamed";"Fertilidad";"Reproducción Asistida";"https://www.institutofertilidadviamed.com";"";"info.ifv.sevilla@viamedsalud.com";"Sevilla";"4,5";"";"SÍ";"SÍ";"Web mejorable";"66";"Media";"SÍ";"Instituto fertilidad hospital";"";"";"";"";"";"";"ampliada-v2"
"More Healthy";"Nutrición";"Psicología";"https://www.morehealthy.es/clinica-nutricion-psicologia-sevilla";"";"info.morehealthy@gmail.com";"Sevilla";"4,5";"";"SÍ";"SÍ";"Psiconutrición nicho interesante";"66";"Media";"SÍ";"Psiconutrición online presencial";"";"";"";"";"";"";"ampliada-v2"
"TRAUMAMODERN Dr. Lara";"Traumatología";"Cirugía Ortopédica";"https://traumatologiasevilla.es";"";"doctorlara@traumamodern.es";"Sevilla";"4,5";"";"SÍ";"SÍ";"Web mejorable";"66";"Media";"SÍ";"Artroscopia prótesis";"";"";"";"";"";"";"ampliada-v2"
"Boca & Salud";"Odontología";"Integral";"https://bocaysalud.com";"";"clinica@bocaysalud.com";"Sevilla Este";"4,5";"";"NO";"SÍ";"Dra. Rodríguez Hidalgo, poca visibilidad web";"65";"Media";"SÍ";"Clínica Sevilla Este integral";"";"";"";"";"";"";"ampliada-v2"
"Vithas Hospital Sevilla";"Centro Médico";"Hospital Privado";"https://vithas.es/centro/vithas-hospital-sevilla";"";"";"Sevilla";"4,6";"";"SÍ";"SÍ";"Gran grupo";"65";"Media";"SÍ";"Urgencias 24h";"";"";"";"";"";"";"ampliada-v2"
"Clínica Dental Odens";"Odontología";"General";"https://www.clinicadentalodens.com";"";"info@clinicadentalodens.com";"Sevilla Este";"4,4";"";"NO";"SÍ";"Oportunidad crear contenido SEO";"64";"Media";"SÍ";"Amplia gama servicios";"";"";"";"";"";"";"ampliada-v2"
"Demax Clinic";"Dermatología";"Estética Facial";"https://demaxclinic.com/clinica-estetica-inicio";"";"infodemaxclinic@gmail.com";"Sevilla";"4,6";"";"NO";"SÍ";"Oportunidad SEO contenido";"64";"Media";"SÍ";"Dra. Lara Pérez";"";"";"";"";"";"";"ampliada-v2"
"Hospital Recoletas Capuchinos";"Hospital Privado";"Multiespecialidad";"https://recoletascapuchinos.com";"";"info.hrsc@gruporecoletas.com";"Sevilla";"4,4";"";"SÍ";"SÍ";"Hospital completo";"64";"Media";"SÍ";"Hospital privado completo";"";"";"";"";"";"";"ampliada-v2"
"ILUNION Fisioterapia";"Fisioterapia";"General";"https://www.ilunionbienestaryvidasenior.com/es/fisioterapia/nuestras-clinicas/sevilla";"";"";"C. Leonardo da Vinci 13, 41092 Sevilla";"4,5";"";"SÍ";"SÍ";"Grupo ONCE";"64";"Media";"SÍ";"Centro rehabilitación";"";"";"";"";"";"";"ampliada-v2"
"Masbellezza Nervión";"Medicina Estética";"General";"https://masbellezzanervion.com";"";"info@masbellezzanervion.com";"Nervión, Sevilla";"4,5";"";"SÍ";"SÍ";"25 años sin renovar";"64";"Media";"SÍ";"25 años experiencia";"";"";"";"";"";"";"ampliada-v2"
"Antonio Losada Clínica Dental";"DENTAL";"Implantes, ortodoncia, estética dental, endodoncia";"https://antoniolosadadental.es";"954 867 337";"contacto@antoniolosadadental.es";"C/ Diego de Riaño 7 y Avda. Juan Pablo II 4, Sevilla";"";"";"PROBABLE";"SÍ";"Doctor con múltiples másteres internacionales (NYU). Dos sedes. Oportunidad SEO.";"63";"B";"SÍ";"Web moderna con información de servicios, equipo, presencia en Instagram y Facebook";"Dr. con formación internacional (NYU), dos sedes en Sevilla, equipo de especialistas";"Contenido web limitado, blog sin actividad, poca diferenciación en el mensaje";"Crear contenido SEO basado en la formación internacional del Dr., campañas SEM para implantes";"Clínicas dentales con más presupuesto en marketing, Vitaldent y franquicias";"";"";"ampliada"
"Clínica Dental Carmen Bernal";"Odontología";"Estética";"https://www.clinicacarmenbernal.com";"";"carmen.bernalortega@gmail.com";"Centro, Sevilla";"4,5";"";"NO";"SÍ";"Sin blog activo";"62";"Media";"SÍ";"Web bilingüe";"";"";"";"";"";"";"ampliada-v2"
"Dental Company Sevilla Este";"Odontología";"General";"https://dentalcompany.es/clinica-dental-sevilla-sevilla-este";"954914151";"sevillaeste@dentalcompany.es";"Sevilla Este";"4,4";"";"SÍ";"SÍ";"Cadena con oportunidad de contenido local";"62";"Media";"SÍ";"Cadena con múltiples sedes";"";"";"";"";"";"";"ampliada-v2"
"Dermavit Salud";"Dermatología";"General";"https://www.dermavitsalud.com";"";"info@dermavitsalud.com";"Sevilla";"4,5";"";"SÍ";"SÍ";"Web mejorable";"62";"Media";"SÍ";"Dermatólogos en Viamed";"";"";"";"";"";"";"ampliada-v2"
"Hospital San Juan de Dios Oftalmología";"Oftalmología";"General";"https://sjdsevilla.com/oftalmologo-sevilla";"";"";"Nervión, Sevilla";"4,5";"";"SÍ";"SÍ";"Dentro hospital";"62";"Media";"SÍ";"Servicio oftalmología";"";"";"";"";"";"";"ampliada-v2"
"Centro Médico Xalud";"Centro Médico";"Adultos";"https://www.centroxalud.es";"";"info@centroxalud.es";"Sevilla";"4,4";"";"NO";"SÍ";"Nicho atención adultos";"60";"Media";"SÍ";"Atención integral adultos";"";"";"";"";"";"";"ampliada-v2"
"Clínica Dental Rivas Tello";"Odontología";"General";"http://www.dental-losremedios.es";"";"";"C. Virgen de Luján 31, 41011 Sevilla";"4,5";"";"NO";"SÍ";"Sin presencia web activa";"60";"Media";"SÍ";"Clínica integral con Facebook";"";"";"";"";"";"";"ampliada-v2"
"Clínica Maxilodental Acero";"Odontología";"Cirugía Oral";"";"";"javier@clinicaacero.com";"Av. Eduardo Dato 22, 41018 Sevilla";"5,0";"";"NO";"NO";"Sin web visible";"60";"Media";"NO";"Top Doctors 5 estrellas";"";"";"";"";"";"";"ampliada-v2"
"Clínica Podos Sevilla";"Podología";"Avanzada";"https://www.podojuarez.com";"";"";"Sevilla";"4,6";"";"NO";"SÍ";"Web mejorable";"60";"Media";"SÍ";"25 años equipo multidisciplinar";"";"";"";"";"";"";"ampliada-v2"
"Dental Company Bormujos";"Odontología";"General";"https://dentalcompany.es/clinica-dental-bormujos";"955725937";"bormujos@dentalcompany.es";"Av. Aljarafe, Bormujos";"4,4";"";"SÍ";"SÍ";"Cadena, contenido local mejorable";"60";"Media";"SÍ";"Cadena dental";"";"";"";"";"";"";"ampliada-v2"
"Quirónsalud Centro Médico Sevilla Este";"Centro Médico";"Multiespecialidad";"https://www.quironsalud.com/sagrado-corazon/es/centros-medicos";"";"";"Av. Ciencias, Sevilla Este";"4,5";"";"SÍ";"SÍ";"Dentro gran grupo";"60";"Media";"SÍ";"Consultas y diagnóstico multidisciplinar";"";"";"";"";"";"";"ampliada-v2"
"Quirónsalud Infanta Luisa Reproducción";"Fertilidad";"Reproducción Asistida";"";"";"";"Sevilla";"4,6";"";"SÍ";"SÍ";"Dentro hospital";"60";"Media";"NO";"Laboratorio alta tecnología";"";"";"";"";"";"";"ampliada-v2"
"Viamed Centro Médico Sevilla Este";"Centro Médico";"Multiespecialidad";"https://www.viamedsalud.com/hospital-santa-angela-de-la-cruz/centro-medico-sevilla-este";"";"";"Av. Ciencias 25, 41020 Sevilla Este";"4,5";"";"SÍ";"SÍ";"Gran grupo";"60";"Media";"SÍ";"Urgencias, pediatría, fisioterapia";"";"";"";"";"";"";"ampliada-v2"
"Centro Diógenes Logopeda";"Logopedia";"Atención Temprana";"https://www.diogeneslogopeda.com";"";"";"Sevilla";"4,5";"";"NO";"SÍ";"Oportunidad contenido";"58";"Media";"SÍ";"Atención temprana integral";"";"";"";"";"";"";"ampliada-v2"
"Clínica Dental Navegalia";"Odontología";"Referencia";"";"";"";"Sevilla";"4,8";"";"NO";"NO";"Sin web propia visible";"58";"Media";"NO";"En Top Doctors";"";"";"";"";"";"";"ampliada-v2"
"HLA Ramón y Cajal";"Centro Médico";"Multiespecialidad";"";"";"";"Sevilla";"4,5";"";"SÍ";"NO";"Nuevo centro 4400m²";"58";"Media";"NO";"30 consultas, nuevo centro";"";"";"";"";"";"";"ampliada-v2"
"Podología Hispalis";"Podología";"Fisioterapia";"https://podologiahispalis.es";"";"info@podologiahispalis.es";"Sevilla";"4,4";"";"NO";"SÍ";"Oportunidad contenido suelo pélvico";"58";"Media";"SÍ";"Suelo pélvico osteopatía";"";"";"";"";"";"";"ampliada-v2"
"Viamed Santa Ángela Urología";"Urología";"General";"https://www.viamedsalud.com";"";"";"Sevilla";"4,5";"";"SÍ";"SÍ";"Dentro hospital";"58";"Media";"SÍ";"Cirugía prostática láser";"";"";"";"";"";"";"ampliada-v2"
"Centro Infantia Ginecología";"Ginecología";"Integral";"https://centroinfantia.es/especialidades/ginecologo-sevilla";"";"";"Sevilla";"4,4";"";"NO";"SÍ";"Oportunidad contenido";"56";"Media";"SÍ";"Salud mujer todas etapas";"";"";"";"";"";"";"ampliada-v2"
"Centro Mantero";"Podología";"Biomecánica";"https://centromantero.com";"";"";"Sevilla";"4,5";"";"NO";"SÍ";"Sin blog";"56";"Media";"SÍ";"Podología deportiva";"";"";"";"";"";"";"ampliada-v2"
"Clínica Cariñanos Logopedia";"Logopedia";"General";"https://www.carinanos.com/servicios/logopedia";"";"";"Sevilla";"4,5";"";"NO";"SÍ";"En clínica multiespecialidad";"56";"Media";"SÍ";"Equipo Dr. Cariñanos";"";"";"";"";"";"";"ampliada-v2"
"Julia Franco Podología";"Podología";"General";"https://juliafrancopodologa.es";"";"";"Sevilla";"4,5";"";"NO";"SÍ";"10 años web mejorable";"56";"Media";"SÍ";"10 años ecógrafo Samsung";"";"";"";"";"";"";"ampliada-v2"
"Viamed Santa Ángela Logopedia";"Logopedia";"Voz";"https://www.viamedsalud.com/hospital-santa-angela-de-la-cruz/especialidad/logopedia_77";"";"";"Sevilla";"4,5";"";"SÍ";"SÍ";"Dentro hospital";"56";"Media";"SÍ";"Unidad voz alta resolución";"";"";"";"";"";"";"ampliada-v2"
"Clínica Osten";"Traumatología";"Traumatología, medicina deportiva, fisioterapia, cirugía robótica";"https://osten.es";"639 649 288";"info@osten.es";"Sevilla";"4,7";"";"PROBABLE";"NO";"Referente en traumatología deportiva. Cirugía robótica. Oportunidad en SEO local.";"55";"Media";"NO";"Web moderna con diseño limpio, blog activo, equipo detallado, presencia en Instagram";"Cirugía robótica de rodilla y cadera, equipo liderado por dos traumatólogos de referencia, enfoque deportivo";"Contenido web poco extenso para SEO, blog con pocos artículos";"Crear contenido SEO extenso sobre traumatología deportiva y cirugía robótica, campañas SEM local";"Grandes grupos hospitalarios (Quirónsalud, Vithas) con unidades de traumatología potentes";"";"";"ampliada+ampliada-v2"
"Dental Raúl Pascual";"Odontología";"Cirugía Oral";"https://www.doctoralia.es/clinicas";"";"";"Sevilla Este";"4,6";"";"NO";"SÍ";"Solo en Doctoralia, sin web propia";"55";"Media";"SÍ";"En Doctoralia equipo amplio";"";"";"";"";"";"";"ampliada-v2"
"ITA Salud Mental";"Psicología";"General";"";"";"";"Sevilla";"4,6";"";"SÍ";"NO";"Necesita presencia web local";"55";"Media";"NO";"Centro primer nivel";"";"";"";"";"";"";"ampliada-v2"
"Sanitas Centro Médico Milenium";"Centro Médico";"Multiespecialidad";"https://centromedicomilenium-sevilla.sanitas.es";"";"";"Sevilla";"4,4";"";"SÍ";"SÍ";"Gran grupo";"55";"Media";"SÍ";"Abierto a todos";"";"";"";"";"";"";"ampliada-v2"
"Vithas Nervión Medicina Estética";"Medicina Estética";"General";"";"";"";"Nervión, Sevilla";"4,5";"";"SÍ";"SÍ";"Dentro Vithas";"55";"Media";"NO";"Unidad medicina estética";"";"";"";"";"";"";"ampliada-v2"
"Centro Infantia Logopedia";"Logopedia";"Infantil";"https://centroinfantia.es/especialidades/logopeda-sevilla";"";"";"Sevilla";"4,4";"";"NO";"SÍ";"En centro multiespecialidad";"54";"Media";"SÍ";"Logopedia infantil";"";"";"";"";"";"";"ampliada-v2"
"Centro Médico Lebrija";"Centro Médico";"Multiespecialidad";"https://www.centromedicolebrija.com";"";"";"Lebrija, Sevilla";"4,4";"";"NO";"SÍ";"Web mejorable";"52";"Media";"SÍ";"Medicina general, traumatología, estética";"";"";"";"";"";"";"ampliada-v2"
"Clínica Arenal";"Nutrición";"Dietética";"https://www.clinicarenal.es/dietetica-y-nutricion";"";"medico@clinicarenal.es";"Centro, Sevilla";"4,4";"";"NO";"SÍ";"Web básica";"52";"Media";"SÍ";"Dietética y nutrición";"";"";"";"";"";"";"ampliada-v2"
"Clínica Dental Bernabeu";"Odontología";"Estética";"";"";"";"Sevilla";"4,5";"";"NO";"NO";"Sin web propia visible";"52";"Media";"NO";"Top Doctors";"";"";"";"";"";"";"ampliada-v2"
"Clínica Imagen Sevilla";"Odontología";"Estética";"";"";"";"Casco Antiguo, Sevilla";"4,6";"";"NO";"NO";"Sin web propia clara";"52";"Media";"NO";"En Top Doctors";"";"";"";"";"";"";"ampliada-v2"
"Adeslas Dental Sevilla Centro";"Odontología";"General";"https://www.adeslasdental.es";"";"";"Centro, Sevilla";"4,3";"";"SÍ";"SÍ";"Cadena aseguradora";"50";"Media";"SÍ";"Cadena aseguradora";"";"";"";"";"";"";"ampliada-v2"
"CEOP Centro de Especialidades Odontológicas Premium";"DENTAL";"Implantes, odontología general, ortodoncia";"https://www.clinicadentalceop.com";"854 888 788";"";"Av. República Argentina 44, 41011 Sevilla (Los Remedios)";"";"";"SÍ";"SÍ";"Cadena con precios agresivos. Implante 600€. Fuerte Google Ads. Modelo low-cost.";"50";"C";"SÍ";"Web tipo landing page, varias sedes, precios visibles, formulario de contacto";"Precios muy competitivos (implante 600€), presencia en varias provincias, inversión en Google Ads";"Calidad percibida baja por precios low-cost, web poco informativa, poca confianza profesional";"Segmentar campañas para pacientes sensibles al precio, mejorar web con contenido de confianza";"Competidores directos en low-cost (Vitaldent, Dentix), percepción de baja calidad del modelo";"";"";"ampliada"
"Clínica Dental Arpón & Quijada";"Odontología";"Referencia";"";"";"dondident@gmail.com";"Centro, Sevilla";"4,7";"";"NO";"NO";"Sin presencia web propia";"50";"Media";"NO";"Centro referencia";"";"";"";"";"";"";"ampliada-v2"
"Clinica Médico Estética Sevilla (Mejora)";"MED-EST";"Medicina estética, rejuvenecimiento";"https://www.clinicamejorasevilla.es";"";"";"Sevilla";"";"";"NO";"NO";"Nueva clínica con enfoque ético. Oportunidad en diferenciación y SEO.";"50";"C";"SÍ";"Web moderna con enfoque ético y médico, médico titulado, trato personalizado";"Enfoque diferencial (medicina ética, no experimentos), médicos titulados, trato personalizado";"Marca nueva y desconocida, poca presencia digital, sin reseñas";"Buen momento para invertir en SEO y SEM antes de que llegue la competencia";"Clínicas establecidas con reputación consolidada";"";"";"ampliada"
"Dental Nervión";"DENTAL";"Odontología general, estética";"https://dentalnervion.com";"954 63 00 08";"";"C/ Espinosa y Cárcel 16, 41005 Sevilla (Nervión)";"";"";"PROBABLE";"PARCIAL";"Clínica en Nervión con presencia Instagram. Oportunidad en SEO local.";"50";"C";"SÍ";"Web funcional con servicios, presencia en Instagram, ubicación en Nervión";"Ubicación céntrica en Nervión, presencia activa en Instagram, teléfono visible";"Web con diseño básico, sin blog, contenido mínimo";"Mejorar web con SEO local, blog de contenido dental, campañas Google Ads";"Cadenas dentales con presencia en Nervión";"";"";"ampliada"
"La Magdalena Centro Dental";"Odontología";"General";"https://lamagdalenacentrodental.es";"";"radobra@lamagdalenacentrodental.es";"Centro, Sevilla";"4,3";"";"NO";"SÍ";"Web básica";"50";"Media";"SÍ";"Revisión gratuita";"";"";"";"";"";"";"ampliada-v2"
"NovaClinik Médica";"Medicina Estética";"General";"";"618167378";"info@novaclinik.com";"C. Luis Montoto 151, Sevilla";"4,5";"";"SÍ";"SÍ";"Sin web propia";"50";"Media";"NO";"Solo Instagram";"";"";"";"";"";"";"ampliada-v2"
"Quirónsalud Nervión";"MULTI";"Centro médico multidisciplinar";"https://www.quironsalud.com/infanta-luisa/es/centro/centros-medicos/centro-medico-quironsalud-nervion";"954 330 100";"";"C/ Marqués de Nervión 45-47, Sevilla";"";"";"SÍ";"SÍ";"Grupo Quirónsalud. Fuerte inversión marca. Baja oportunidad mejora para agencia.";"50";"C";"SÍ";"Web corporativa del grupo, página local, citas online, amplia cartera de servicios";"Grupo hospitalario líder, inversión en marketing garantizada, tecnología avanzada";"Dependencia de marca, poca flexibilidad local, procesos centralizados";"Escasa oportunidad para agencia externa";"Grupos hospitalarios competidores (Vithas, HLA)";"";"";"ampliada"
"Sanitas Milenium Aljarafe";"Odontología";"General";"";"";"";"Av. Universidad Salamanca 7, Bormujos";"4,3";"";"SÍ";"SÍ";"Gran cadena";"50";"Media";"NO";"Cadena aseguradora";"";"";"";"";"";"";"ampliada-v2"
"Sanitas Milenium Los Remedios";"Odontología";"General";"https://www.sanitas.es";"";"";"Av. Universidad Salamanca 7, Bormujos";"4,3";"";"SÍ";"SÍ";"Clínica de gran cadena, difícil competir";"50";"Media";"SÍ";"Cadena nacional aseguradora";"";"";"";"";"";"";"ampliada-v2"
"Vitaldent Sevilla Este";"Odontología";"General";"https://clinicas.vitaldent.com/sevilla";"";"";"Sevilla Este";"4,2";"";"SÍ";"SÍ";"Franquicia, difícil oportunidad de mejora";"50";"Media";"SÍ";"Franquicia nacional";"";"";"";"";"";"";"ampliada-v2"
"Centro Médico Hispalia";"Centro Médico";"Medicina general, especialidades, chequeos";"https://centromedicohispalia.es";"954 663 502";"centromedicohispalia@gmail.com";"C/ Bartolomé de Medina 6, 41004 Sevilla (Centro)";"4,5";"";"NO";"PARCIAL";"+40 años. Reconocido centro médico centro. Oportunidad en marketing digital.";"48";"Media";"NO";"Web moderna con sistema de citas online, servicios, equipo médico listado";"+40 años de experiencia, ubicación céntrica, múltiples especialidades, citas online";"Poca presencia en redes, contenido genérico, sin diferenciación clara";"Crear contenido SEO para especialidades concretas, campañas SEM locales, fidelización digital";"Grandes centros médicos de grupos hospitalarios con más recursos";"";"";"ampliada+ampliada-v2"
"Centro Médico IDI";"MULTI";"Medicina general, digestivo, bienestar emocional";"https://centromedicoidi.com";"955 69 7830";"info@centromedicoidi.com";"Virgen de Begoña 12, 41011 Sevilla";"";"";"NO";"PARCIAL";"Centro multidisciplinar. Oportunidad en marketing digital y SEO local.";"48";"C";"SÍ";"Web moderna con servicios, bienestar emocional, blog sin contenido";"Enfoque en bienestar emocional, ubicación en Los Remedios, equipo multidisciplinar";"Blog vacío, poca presencia en redes, marca poco conocida";"Crear contenido SEO sobre salud integral, Google Ads local, posicionar como centro wellness";"Centros médicos similares con más presupuesto, grandes grupos sanitarios";"";"";"ampliada"
"Clínica Dental Saúco";"Odontología";"General";"";"";"mail@clinicasauco.es";"Sevilla";"4,6";"";"NO";"NO";"Sin web propia";"48";"Media";"NO";"Top Doctors vídeos";"";"";"";"";"";"";"ampliada-v2"
"Gabinete Psico-Logo";"Logopedia";"Psicología";"http://www.gabinetepsico-logo.com";"615264699";"info@gabinetepsico-logo.com";"Pino Montano / Tiro de Línea, Sevilla";"4,4";"";"NO";"SÍ";"Web muy básica";"48";"Media";"SÍ";"Logopedia psicología pedagogía";"";"";"";"";"";"";"ampliada-v2"
"Vithas Centro Médico Nervión";"MULTI";"Centro médico multidisciplinar";"https://vithas.es/centro/vithas-centro-medico-nervion";"954 464 200";"";"Av. Ramón y Cajal 6, 41018 Nervión, Sevilla";"";"";"SÍ";"SÍ";"Grupo Vithas. 1300 m2. Marca consolidada. Baja oportunidad mejora.";"48";"C";"SÍ";"Web corporativa del grupo con página local, múltiples especialidades, citas online";"1300 m2 en Nervión, grupo hospitalario Vithas, múltiples especialidades, tecnología avanzada";"Dependencia de marca, procesos centralizados, poca flexibilidad local";"Escasa oportunidad para agencia externa";"Otros centros médicos con mayor flexibilidad de contratación";"";"";"ampliada"
"Centro Med Estética Virgen de la Luz";"Medicina Estética";"General";"";"";"";"Nervión, Sevilla";"4,4";"";"NO";"NO";"Solo en Doctoralia";"45";"Baja";"NO";"En Doctoralia";"";"";"";"";"";"";"ampliada-v2"
"Clínica Carrasco";"DIGESTIVO";"Cirugía digestiva, bariátrica, general";"http://clinicacarrasco.com/categoria/unidad-de-nutricion-y-dietetica";"";"";"Sevilla";"4,3";"";"NO";"NO";"Cirugía bariátrica y digestiva. Web básica. Oportunidad alta en marketing digital.";"45";"Media";"SÍ";"Web básica con servicios de cirugía, diseño desactualizado, sin blog";"Especialización en cirugía bariátrica y digestiva, potencial de alto ticket por tratamiento";"Web muy básica y desactualizada, sin presencia en redes ni contenido SEO";"Renovar web completamente, crear contenido SEO sobre cirugía bariátrica, Google Ads para captar leads";"Grandes hospitales con unidades de obesidad, otros cirujanos con mejor presencia digital";"";"";"ampliada+ampliada-v2"
"Clínica Dental Feito";"Odontología";"General";"";"";"";"C. José María Bedoya 1, 41004 Sevilla";"4,4";"";"NO";"NO";"Sin web visible";"45";"Baja";"NO";"Top Doctors centro histórico";"";"";"";"";"";"";"ampliada-v2"
"PSICO-AS";"Psicología";"Clínica";"";"";"";"Sevilla";"4,5";"";"NO";"NO";"Sin web propia";"45";"Baja";"NO";"En Top Doctors";"";"";"";"";"";"";"ampliada-v2"
"Clínica Núcleo Salud";"Centro Médico";"Multiespecialidad";"";"";"";"Sevilla";"4,4";"";"NO";"NO";"Solo en Doctoralia";"42";"Baja";"NO";"En Doctoralia";"";"";"";"";"";"";"ampliada-v2"
"Anyma Fisioterapia";"Fisioterapia";"General";"";"";"";"Sevilla";"4,4";"";"NO";"NO";"Sin web propia";"40";"Baja";"NO";"En eFisioterapia";"";"";"";"";"";"";"ampliada-v2"
"Avannza Psicólogos";"Psicología";"General";"";"";"";"Sevilla";"4,3";"";"NO";"NO";"Solo en SaludOnNet";"40";"Baja";"NO";"En SaludOnNet";"";"";"";"";"";"";"ampliada-v2"
"Centro Médico Macarena";"Centro Médico";"Radiología";"";"954371950";"";"C. Resolana 7, BJ, Sevilla";"4,2";"";"NO";"NO";"Sin web moderna";"40";"Baja";"SÍ";"Centro médico radiológico";"";"";"";"";"";"";"ampliada-v2"
"Centro Médico Santa María de Gracia";"Centro Médico";"Multiespecialidad";"";"";"";"Camas, Sevilla";"4,3";"";"NO";"NO";"Sin web visible";"38";"Baja";"NO";"En Doctoralia";"";"";"";"";"";"";"ampliada-v2"
"Clínica Aníbal González";"Odontología";"General";"";"";"";"Sevilla";"4,3";"";"NO";"NO";"Sin presencia digital";"25";"Baja";"NO";"En Yelp";"";"";"";"";"";"";"ampliada-v2"
"Clínica Barqueta";"Odontología";"General";"";"";"";"Barqueta, Sevilla";"4,3";"";"NO";"NO";"Sin presencia digital";"25";"Baja";"NO";"En Yelp";"";"";"";"";"";"";"ampliada-v2"
"Clínica Pino Montano";"Odontología";"General";"";"";"";"Pino Montano, Sevilla";"4,3";"";"NO";"NO";"Sin presencia digital";"25";"Baja";"NO";"En Yelp";"";"";"";"";"";"";"ampliada-v2"
"Clínica Sánchez Arjona";"Odontología";"General";"";"";"";"Sevilla";"4,4";"";"NO";"NO";"Sin presencia digital";"25";"Baja";"NO";"En Yelp";"";"";"";"";"";"";"ampliada-v2"
"Clínica Dr. Calvo";"Odontología";"General";"";"";"";"Sevilla";"4,2";"";"NO";"NO";"Sin presencia digital";"20";"Baja";"NO";"En Yelp";"";"";"";"";"";"";"ampliada-v2"
"ABP Salud";"MULTI";"Neurocirugía, columna, medicina general";"https://abpsalud.com";"";"abp@abpsalud.com";"";"Sevilla";"";"";"NO";"NO";"Centro de especialidades. Neurocirugía destacada. Oportunidad en marketing digital.";"45";"C";"SÍ";"Web moderna con especialidades, equipo, neurocirugía como especialidad destacada";"Neurocirugía y cirugía de columna como diferencial, equipo especializado";"Poca presencia en redes, contenido limitado, marca poco conocida";"Crear contenido SEO sobre neurocirugía, campañas SEM para captar pacientes de alta complejidad";"";"";"ampliada"
"Advansur Traumatología Avanzada";"Traumatología";"Traumatología avanzada, cirugía deportiva, rodilla, cadera";"https://advansur.es";"";"citas@advansur.es";"Sevilla";"Sevilla";"";"SÍ";"SÍ";"Web moderna";"Equipo de cirujanos. Web atractiva. Oportunidad en SEO y presencia digital.";"Alta";"SÍ";"Equipo multidisciplinar";"Web atractiva con enfoque en el paciente, servicios, equipo de cirujanos";"Equipo multidisciplinar de cirujanos, enfoque en el paciente, web atractiva";"Marca poco conocida, poca presencia en redes, sin blog";"Crear contenido SEO sobre traumatología avanzada, campañas SEM, construir marca";"";"";"ampliada+ampliada-v2"
"AGC Fisioterapia";"FISIO";"Fisioterapia, rehabilitación avanzada";"https://www.doctoralia.es/clinicas/agc-fisioterapia";"";"";"";"Av. República Argentina 6, Sevilla";"";"";"NO";"NO";"Fisioterapia con enfoque innovador. Sin web propia. Oportunidad en creación digital.";"35";"C";"NO";"Sin web propia, solo perfil en Doctoralia";"Enfoque innovador en fisioterapia, ubicación en República Argentina";"Sin web propia, sin redes sociales";"Caso completo de creación de presencia digital";"";"";"ampliada"
"Alfamedica";"FISIO";"Rehabilitación, fisioterapia";"https://alfamedica.es";"";"";"";"Sevilla";"";"";"NO";"NO";"Desde 2000. Medicina privada rehabilitación. Oportunidad digital.";"42";"C";"SÍ";"Web profesional con servicios, escuela de espalda, testimonios";"Desde 2000, programa escuela de espalda, enfoque en medicina privada de calidad";"Diseño web mejorable, poca presencia en redes";"Buen potencial para SEO local en rehabilitación, Google Ads";"";"";"ampliada"
"Aljarafe Dental Center";"Odontología";"Odontología general, implantes";"https://aljarafedentalcenter.com";"605527241";"";"Mairena del Aljarafe";"Av. del Aljarafe 1, Palomares del Río";"";"SÍ";"SÍ";"30 años, oportunidad contenido Aljarafe";"+30 años. Web básica. Baja presencia digital. Alta oportunidad de mejora.";"Alta";"SÍ";"30 años experiencia";"Web básica con información mínima, sin blog, sin redes sociales aparentes";"Más de 30 años en la zona, clientela fidelizada, ubicación conveniente en Palomares del Río";"Sin blog, diseño web muy básico, sin presencia en redes, sin evidencias de SEO";"Crear web moderna con SEO local, abrir redes sociales, campañas Google Ads para captar en Aljarafe";"";"";"ampliada+ampliada-v2"
"Centro Médico Brioude";"Centro Médico";"Medicina general, especialidades";"https://www.topclinica.com/centros-medicos-privados-sevilla";"";"";"Nervión, Sevilla";"Sevilla";"";"SÍ";"NO";"30 años oportunidad contenido";"Centro médico en avenida principal. Oportunidad en presencia digital.";"Alta";"SÍ";"30 años, psicotécnicos DGT";"Sin web propia detectada, solo en directorio TopClínica";"Ubicado en avenida conocida de Sevilla, consultas médicas y revisiones";"Sin web propia, sin presencia digital";"Caso de creación de presencia digital completa";"";"";"ampliada+ampliada-v2"
"Centro Psyco";"Psicología";"Psicología clínica, psiquiatría, nutrición";"https://centropsyco.com";"";"";"Triana, Sevilla";"Triana, Sevilla";"";"SÍ";"SÍ";"Oportunidad contenido SEO local";"Centro multidisciplinar salud mental. Oportunidad en marketing digital.";"Alta";"SÍ";"Equipo salud mental";"Web atractiva con servicios, equipo, sin blog activo";"Equipo multidisciplinar, ubicación en Triana, enfoque integral (psicología + psiquiatría + nutrición)";"Sin blog, poca presencia en redes, competencia muy alta en salud mental";"Crear blog con contenido SEO en salud mental, campañas Google Ads locales, posicionarse en nichos específicos";"";"";"ampliada+ampliada-v2"
"Clínica Alanda";"Fisioterapia";"Fisioterapia, rehabilitación";"https://clinicaalanda.com";"";"info@clinicaalanda.com";"Los Remedios, Sevilla";"Los Remedios, Sevilla";"";"SÍ";"SÍ";"Web moderna";"Fisioterapia y rehabilitación en Los Remedios. Oportunidad en SEO local y Google Ads.";"Alta";"SÍ";"Rehabilitación avanzada";"Web moderna con blog, testimonios, servicios detallados";"Ubicación en Los Remedios, enfoque en fisioterapia oncológica, blog activo con contenido";"Marca poco conocida, competencia alta en fisioterapia";"Posicionarse en nichos (fisioterapia oncológica), Google Ads local, SEO de contenidos";"";"";"ampliada+ampliada-v2"
"Clínica Clínica Oftalmológica CIMO";"OFTAL";"Cirugía refractiva, microcirugía ocular";"https://clinicaoftalmologicacimo.es";"";"";"";"Sevilla";"";"";"PROBABLE";"SÍ";"Organiza congreso Sevilla Refractiva. Director Dr. Julián Cezón. Oportunidad SEM.";"62";"B";"SÍ";"Web profesional con información de tratamientos, blog, organización de congresos";"Director organiza congreso internacional Sevilla Refractiva (+150 cirujanos), +20 años experiencia, presencia en Top Doctors";"Web con carga lenta, contenido poco actualizado";"Aprovechar autoridad del Director para contenido SEO, Google Ads para cirugía refractiva";"";"";"ampliada"
"Clinica Dentae Dr. Carmelo Pazos";"DENTAL";"Implantes, estética dental, ortodoncia";"https://clinicadentae.com";"";"";"";"Sevilla";"";"";"NO";"NO";"Clínica implantológica. Oportunidad en marketing digital y presencia online.";"40";"C";"SÍ";"Web informativa con servicios de implantes, diseño básico";"Enfoque en implantes dentales, materiales de calidad (titanio, zirconio)";"Web básica, sin blog, sin presencia en redes";"Mejorar presencia digital completa, SEO para implantología, Google Ads";"";"";"ampliada"
"Clínica Dental Coinsol";"DENTAL";"Implantes, odontología general";"https://clinicadentalcoinsol.com";"";"";"";"Sevilla";"";"";"NO";"NO";"Clínica implantológica. Oportunidad mejora digital.";"38";"C";"SÍ";"Web informativa con servicios de implantología, diseño mejorable";"Variedad de tratamientos implantológicos, equipo profesional";"Web mejorable, sin blog, poca presencia digital";"Mejorar presencia digital, SEO local";"";"";"ampliada"
"Clínica Dental Dentalpasca";"DENTAL";"Odontología general, estética";"https://dentalpasca.com";"";"dentalpasca@infomed.es";"";"Sevilla (Nervión)";"";"";"NO";"NO";"Clínica en Nervión con precios visibles en web. Oportunidad en Google Ads.";"40";"C";"SÍ";"Web con precios visibles, servicios, información de financiación";"Precios transparentes en web, financiación disponible, ubicación Nervión";"Marca poco conocida, diseño web básico, sin blog";"Crear campañas Google Ads locales, mejorar presencia en Google My Business";"";"";"ampliada"
"Clínica Dental Dr. Mancebo";"DENTAL";"Odontología general, implantes";"https://clinicadentaldrmancebo.com";"";"";"";"Triana, Sevilla";"";"";"NO";"NO";"35 años de experiencia clínica y docente. Web básica. Gran oportunidad digital.";"42";"C";"SÍ";"Web básica con información mínima, sin blog, sin redes";"35 años de experiencia, también docente en Universidad de Sevilla";"Web muy básica, sin presencia en redes, sin estrategia SEO";"Caso de transformación digital completa: crear web moderna, SEO, redes, Google Ads";"";"";"ampliada"
"Clinica Dental Koresdent";"DENTAL";"Odontología general, estética";"https://koresdent.es";"";"";"";"Nervión, Sevilla";"";"";"NO";"NO";"Clínica en Nervión. Web funcional. Oportunidad en marketing digital.";"40";"C";"SÍ";"Web informativa con servicios, odontología general y estética";"Ubicación céntrica en Nervión, enfoque en odontología general";"Web básica, sin blog, poca presencia digital";"Mejorar SEO local, crear contenido, Google Ads";"";"";"ampliada"
"Clínica Dental Triana";"DENTAL";"Implantes, estética dental, ortodoncia, prótesis";"https://www.clinicadentaltriana.com";"";"";"";"Triana (Sevilla) y Espartinas (Aljarafe)";"";"";"PROBABLE";"PARCIAL";"Dos sedes. Especialistas en implantología compleja. Oportunidad en SEO y Google Ads.";"58";"B";"SÍ";"Web informativa con dos sedes, servicios listados, sin blog activo";"Dos ubicaciones (Triana y Espartinas), enfoque en casos complejos de implantes";"Web con diseño genérico, sin blog, poca presencia en redes";"Mejorar web con contenido SEO, activar blog sobre implantología, Google Ads local para cada sede";"";"";"ampliada"
"Clínica Dental Villarejo";"DENTAL";"Odontología general, estética";"https://www.villarejoclinicadental.com";"";"info@villarejoclinicadental.com";"";"Nervión, Sevilla";"";"";"NO";"NO";"Clínica en Nervión con enfoque familiar. Oportunidad en mejora digital.";"42";"C";"SÍ";"Web sencilla con servicios, testimoniales de pacientes, diseño básico";"Enfoque familiar, atención cercana, buena reputación entre pacientes";"Web muy básica, sin blog, sin presencia en redes significativa";"Mejorar web y SEO local, crear presencia en redes sociales, Google Ads local";"";"";"ampliada"
"Clínica Leal Graciani (Legramed)";"Traumatología";"Traumatología, medicina deportiva, fisioterapia";"https://clinicalealgraciani.es";"";"";"Sevilla";"Sevilla";"";"SÍ";"SÍ";"3 generaciones web mejorable";"Fundada 1999. Tradición familiar. Web sencilla. Alta oportunidad mejora.";"Alta";"SÍ";"Tres generaciones Sevilla FC";"Web sencilla con servicios, equipo, tradición familiar";"Tradición familiar desde 1999, clientela fidelizada";"Web muy básica, sin presencia en redes, sin blog";"Caso de transformación digital: web moderna, SEO, redes sociales, Google Ads";"";"";"ampliada+ampliada-v2"
"Clínica Miravé";"DENTAL";"Odontología general, implantes";"https://www.doctoralia.es/clinicas/centro-odontologico-doctores-mirave";"";"";"";"Sevilla";"";"";"NO";"NO";"Centro odontológico con historia. Poca presencia digital. Oportunidad alta.";"38";"C";"NO";"Sin web propia, solo perfil en Doctoralia";"Presencia en Doctoralia, potencial por trayectoria";"Sin web propia, sin redes sociales, dependencia de terceros";"Caso completo de transformación digital: crear web, SEO, redes, Google Ads";"";"";"ampliada"
"Clínica Novaderma";"DERMA";"Dermatología clínica, quirúrgica y estética";"https://www.clinicanovaderma.com";"";"";"";"Tomares (Aljarafe), Sevilla";"";"";"NO";"NO";"Clínica en Tomares. Web visualmente atractiva pero con poca info. Oportunidad en SEO.";"48";"C";"SÍ";"Web atractiva visualmente, slider, servicios dermatológicos";"Ubicación en Tomares (Aljarafe), zona con alta demanda sin apenas competencia dermatológica";"Poco contenido textual, sin blog, sin estrategia SEO";"Caso ideal para SEO local en Aljarafe, crear contenido sobre dermatología";"";"";"ampliada"
"Clínica Oftalmológica Macarena (León XIII)";"OFTAL";"Oftalmología general, cirugía plástica ocular";"https://clinicaoftalmologicamacarena.es";"";"";"";"Sevilla";"";"";"NO";"NO";"Clínica en zona Macarena. Oportunidad en SEO local y presencia digital.";"45";"C";"SÍ";"Web informativa con servicios, cirugía plástica ocular, diseño básico";"Especialización en cirugía plástica ocular, ubicación en zona Macarena sin competencia directa";"Diseño web mejorable, sin blog, poca presencia digital";"Mejorar web con diseño moderno, SEO local para Macarena, Google Ads para cirugía ocular";"";"";"ampliada"
"Clínica Piñero Oftalmología";"Oftalmología";"Oftalmología general, cirugía refractiva, retina";"https://www.clinicapinero.com";"";"";"Sevilla";"Sevilla";"";"SÍ";"PROBABLE";"Centro referencia";"Centro oftalmológico de referencia en Andalucía. Oportunidad en SEO y SEM.";"Alta";"SÍ";"Centro oftalmológico referencia";"Web profesional con información detallada de patologías, equipo médico, blog activo";"Centro de referencia en Andalucía, equipo especializado por subáreas, blog activo con contenido de calidad";"Web con diseño mejorable, poca presencia en Google Maps, sin precios orientativos";"Mejorar SEO técnico, optimizar Google My Business, campañas SEM para cirugía refractiva";"";"";"ampliada+ampliada-v2"
"Clínica Rocío Vázquez";"Medicina Estética";"Cirugía estética, medicina estética, cirugía capilar, bariátrica";"https://clinicarociovazquez.com";"";"";"Sevilla";"4,8";"";"SÍ";"PROBABLE";"Nº1 Andalucía premium";"Abriendo la mayor clínica de Andalucía. Fuerte presencia redes. Oportunidad en Google Ads para captar tráfico de alta intención.";"Máxima";"SÍ";"Nº1 Andalucía medicina estética y capilar";"Web profesional con blog, carrusel de tratamientos, galería antes/después, presencia en Top Doctors";"Liderazgo regional, +35 años de experiencia, equipo multidisciplinar, fuerte branding en redes sociales";"Web con carga lenta, poca actualización de blog, sin estrategia SEO clara en ciertas páginas";"Expandir contenido SEO para captar tráfico orgánico de alta intención, campañas SEM en cirugía estética";"";"";"ampliada+ampliada-v2"
"Clínica Velázquez";"Medicina Estética";"Cirugía plástica, medicina estética";"https://clinicaesteticavelazquez.com";"";"";"Sevilla";"Sevilla (Centro)";"";"SÍ";"SÍ";"Web mejorable";"Presencia mediática pero web desactualizada. Oportunidad en SEO local y campañas.";"Alta";"SÍ";"Cirugía plástica y estética";"Web con información de servicios, poco contenido, sin blog activo, presencia en Instagram";"Dr. Joaquín Velázquez como figura de autoridad (Hospital Virgen del Rocío), presencia mediática en artículos";"Web desactualizada, sin blog, sin precios visibles, poca información sobre el equipo";"Mejorar web y SEO, activar blog con contenido quirúrgico y de medicina estética, campañas SEM";"";"";"ampliada+ampliada-v2"
"Clínica Victoria Rey";"Fertilidad";"Reproducción asistida, radiofrecuencia en miomas";"https://www.clinicavictoriarey.com";"";"";"Sevilla";"Sevilla";"";"SÍ";"PROBABLE";"Tecnología innovadora";"Directora autora de libro y formadora internacional. Web mejorable. Oportunidad contenido.";"Alta";"SÍ";"Radiofrecuencia miomas innovadora";"Web informativa, enfoque en radiofrecuencia para miomas, autora de libro";"Directora como autora y formadora internacional en radiofrecuencia para miomas, nicho único";"Web con diseño mejorable, contenido limitado, poca presencia SEO";"Aprovechar autoridad de la directora para contenido SEO, libro como herramienta de marketing";"";"";"ampliada+ampliada-v2"
"Clínicas Origen";"PSICO";"Psicología clínica, ansiedad, depresión, psiquiatría";"https://clinicasorigen.es/clinica-psicologica/sevilla-ramon-carande";"";"";"";"Av. Ramón Carande, Sevilla";"";"";"SÍ";"SÍ";"Cadena nacional con fuerte inversión marketing. Web profesional. Buena estrategia SEO.";"68";"B";"SÍ";"Web corporativa nacional con landing local, blog, citas online, buena estrategia SEO";"Cadena nacional con inversión en marketing, múltiples ubicaciones, web profesional con buen SEO";"Landing local genérica, poca personalización Sevilla, servicio estandarizado";"Ajustar contenido local para Sevilla, campañas SEM locales, aprovechar marca nacional";"";"";"ampliada"
"Demax Clinic Sevilla";"DERMA";"Dermatología, estética facial";"https://demaxclinic.com";"";"";"";"Sevilla";"";"";"NO";"NO";"Directora dermatóloga del Hospital Virgen Macarena. Web básica. Oportunidad alta.";"48";"C";"SÍ";"Web con información de servicios, equipo, diseño básico";"Directora es dermatóloga del Hospital Virgen Macarena (autoridad)";"Web con diseño básico, sin blog, poca presencia digital";"Aprovechar autoridad de la directora para contenido SEO, renovar web, Google Ads";"";"";"ampliada"
"Dental Garrido";"DENTAL";"Odontología general, estética";"https://dentalgarrido.com";"";"info@dentalgarrido.com";"";"Nervión, Sevilla";"";"";"NO";"NO";"Clínica dental Nervión. Oportunidad en mejora digital.";"38";"C";"SÍ";"Web informativa con servicios, diseño básico";"Ubicación en Nervión, enfoque en odontología general";"Web básica, sin blog, sin presencia en redes";"Renovar web y SEO local, Google Ads";"";"";"ampliada"
"Dental Med Nervión";"DENTAL";"Odontología general, endodoncia, implantes";"https://dentalmed.com.es";"";"";"";"Nervión, Sevilla";"";"";"NO";"NO";"Clínica dental Nervión. Oportunidad en presencia digital.";"38";"C";"SÍ";"Web informativa con servicios, diseño básico";"Variedad de tratamientos (endodoncia, implantes, blanqueamiento)";"Web básica, sin blog, poca presencia digital";"Mejorar SEO local, Google Ads";"";"";"ampliada"
"Dental Quality (Dental Implantologie Sevilla)";"DENTAL";"Implantología, cirugía oral, periodoncia, ortodoncia";"https://www.implantessevilla.es";"";"info@implantessevilla.es";"";"Sevilla";"";"";"NO";"NO";"Grupo Dental Quality. Certificado calidad. Oportunidad en marketing digital.";"42";"C";"SÍ";"Web profesional con certificaciones, equipo con másteres, espacios cardio protegidos";"Certificado de excelencia Dental Quality, espacio cardio protegido, +15 años experiencia";"Marca poco conocida, presencia digital mejorable";"Mejorar SEO local y crear contenido sobre implantología, Google Ads";"";"";"ampliada"
"El Prado Psicología";"Psicología";"Psicoterapia, salud mental";"https://elpradopsicologia.com";"";"";"Sevilla";"Sevilla";"";"SÍ";"SÍ";"Web premium oportunidad contenido";"Centro psicoterapia. Web atractiva pero poca presencia SEO. Mercado muy competido.";"Máxima";"SÍ";"Centro sanitario psicoterapia";"Web atractiva visualmente, información de servicios, enfoque en psicoterapia";"Web con buen diseño visual, enfoque en psicoterapia de calidad";"Poca presencia en Google Maps, sin blog, sin inversión aparente en SEO";"Implementar SEO local urgente, crear blog de contenido, Google Ads para captar pacientes";"";"";"ampliada+ampliada-v2"
"Embryocenter";"Fertilidad";"FIV, Ovodonación, ICSI, método ROPA";"https://embryocenter.es";"";"";"Sevilla";"4,9";"";"SÍ";"PROBABLE";"40 años Medalla Oro oportunidad";"Medalla de Oro de Sevilla 2025. Única con certificado AENOR. Alto ticket. Oportunidad en SEO de contenido.";"Máxima";"SÍ";"40 años Medalla Oro Sevilla 2025";"Web corporativa completa, información detallada de tratamientos, certificaciones visibles, blog";"40+ años de experiencia, Medalla de Oro de Sevilla, certificación AENOR exclusiva, equipo altamente especializado";"Diseño web clásico, poca presencia en redes sociales, contenido poco actualizado";"Crear contenido SEO sobre fertilidad (guías, casos de éxito), campañas SEM para captar pacientes de fuera de Sevilla";"";"";"ampliada+ampliada-v2"
"Gesderma (Quirónsalud)";"Dermatología";"Dermatología, dermatología estética, láser";"https://www.topdoctors.es/centro/gesderma";"";"";"Quirónsalud Sagrado Corazón, Sevilla";"Hospital Quirónsalud Sagrado Corazón, Sevilla";"";"SÍ";"NO";"Dentro hospital";"Unidad dentro de gran grupo. Buena reputación. Dependiente de Quirónsalud.";"Alta";"NO";"Dermatólogos referencia";"Perfil en Top Doctors y web de Quirónsalud, sin web propia";"Respaldada por Quirónsalud, equipo de dermatólogas reconocidas, buena reputación";"Sin web propia, dependiente de Quirónsalud, poca autonomía de marketing";"Baja oportunidad al ser servicio dentro de un gran grupo hospitalario";"";"";"ampliada+ampliada-v2"
"HLA Clínica Santa Isabel";"MULTI";"Centro hospitalario privado, 40+ especialidades";"https://www.grupohla.com/hlaclinicasantaisabel";"";"";"";"C/ Luis Montoto 100, 41018 Nervión, Sevilla";"";"";"SÍ";"SÍ";"Gran hospital privado. 77 habitaciones. Grupo HLA. Baja oportunidad agencia externa.";"45";"C";"SÍ";"Web corporativa del grupo con página hospital, servicios completos";"77 habitaciones, 5 quirófanos, grupo HLA nacional, múltiples especialidades";"Dependencia de marca, estructura corporativa rígida";"Escasa oportunidad para agencia externa";"";"";"ampliada"
"INEBIR";"Fertilidad";"Reproducción asistida, FIV, Ovodonación";"https://inebir.com";"";"";"Sevilla";"Sevilla";"";"SÍ";"PROBABLE";"15 años web mejorable";"15+ años. Tasas de éxito destacadas. Web funcional. Oportunidad SEO y SEM.";"Alta";"SÍ";"15 años tasas éxito +20%";"Web funcional con información de tratamientos, tasas de éxito";"15+ años de experiencia, tasas de éxito destacadas, enfoque en resultados";"Web con diseño mejorable, contenido limitado, poca presencia en redes";"Mejorar web y SEO, campañas SEM para captar pacientes de fertilidad";"";"";"ampliada+ampliada-v2"
"Instituto Dental Clínica Jiménez Cameán";"DENTAL";"Implantes, odontología general";"https://clinicadentaljimenezcamean.es";"";"";"";"Sevilla";"";"";"NO";"NO";"Clínica con Dr. José Jiménez. Oportunidad mejora digital.";"38";"C";"SÍ";"Web básica con servicios de implantes, información del Dr. Jiménez";"Dr. José Jiménez como figura local, materiales de calidad";"Web muy básica, sin blog, sin presencia digital";"Caso de transformación digital completa";"";"";"ampliada"
"Instituto Dental Excell";"DENTAL";"Implantes, cirugía oral, ortodoncia";"https://institutodentalsevilla.com";"";"";"";"Sevilla";"";"";"NO";"NO";"Clínica implantología. Oportunidad en mejora digital y SEO.";"42";"C";"SÍ";"Web con servicios de implantología, diseño mejorable, contenido limitado";"Especialización en implantología y cirugía oral";"Web con diseño mejorable, sin blog, poca presencia digital";"Renovar web, SEO local para implantología, Google Ads";"";"";"ampliada"
"Instituto Dental Lebrón";"DENTAL";"Implantes, carillas, ortodoncia, diseño de sonrisa, odontología digital IA";"https://institutodentallebron.com";"";"info@institutodentallebron.com";"";"Av. de Kansas City 32B, Portal 3, 1ºA, 41007 Sevilla (Nervión)";"";"";"PROBABLE";"SÍ";"Top Doctors, odontología digital con IA. Dr. Lebrón premiado. Oportunidad en Google Ads.";"78";"A";"SÍ";"Web moderna con diseño premium, blog de contenido, vídeos, presencia en Top Doctors, antes/después";"Premios Top Doctors, 35+ años de experiencia, tecnología digital con IA, Dr. reconocido mediáticamente";"Información de precios no visible, poca actividad en blog reciente, dependencia de la figura del Dr. Lebrón";"Apostar por Google Ads para captar pacientes de alto valor, mejorar presencia en Google Maps";"";"";"ampliada"
"Instituto NOA";"PSICO";"Salud mental, adicciones, trastornos personalidad";"https://institutonoa.es/salud-mental";"";"info@institutonoa.es";"";"Sevilla";"";"";"PROBABLE";"PARCIAL";"Único centro en España con estancia mínima para patologías leves/moderadas. Nicho.";"55";"B";"SÍ";"Web corporativa con información clara sobre programa, centro de día, equipo";"Único en España con programa de estancia mínima para patologías leves/moderadas, centro de día, nicho claro";"Web poco trabajada en SEO, contenido mejorable";"Crear contenido SEO sobre salud mental con enfoque en patologías leves, campañas SEM";"";"";"ampliada"
"Instituto Oftalmológico Andaluz";"Oftalmología";"Oftalmología general, cirugía ocular";"https://www.ioftalmologicoandaluz.es";"";"info@iopasa.com";"Av. República Argentina 31, Sevilla";"Av. República Argentina 31, Sevilla";"";"SÍ";"PROBABLE";"Desde 1986 web mejorable";"Desde 1986. Referente. Equipo amplio. Web profesional. Oportunidad en SEM.";"Alta";"SÍ";"Desde 1986 centro referencia";"Web profesional con información completa, equipo, servicios, sede en República Argentina";"Desde 1986, amplio equipo de oftalmólogos, ubicación céntrica (República Argentina), conciertos con aseguradoras";"Web con diseño clásico, contenido poco actualizado, sin blog";"Campañas SEM para cirugía de cataratas y refractiva, mejorar SEO local";"";"";"ampliada+ampliada-v2"
"Medical Center Clínica Global";"Fisioterapia";"Fisioterapia, podología, biomecánica, medicina deportiva";"https://clinicaglobal.es";"";"";"Sevilla";"Sevilla";"";"SÍ";"SÍ";"15 centros oportunidad contenido";"+15 centros abiertos. Experiencia en franquicia. Oportunidad en SEO.";"Alta";"SÍ";"15 centros 50 profesionales";"Web corporativa con servicios, testimonios, información de centros";"Experiencia en apertura de 15 centros, +50 profesionales, 12h/día de servicio";"Marca poco conocida como tal, presencia digital mejorable";"Crear contenido SEO local para cada centro, Google Ads";"";"";"ampliada+ampliada-v2"
"Miranza Virgen de Luján";"Oftalmología";"Oftalmología integral, trasplante córnea, glaucoma";"https://miranza.es/nuestras-clinicas/miranza-virgen-de-lujan";"";"info.virgendelujan@miranza.es";"Los Remedios, Sevilla";"Sevilla";"";"SÍ";"SÍ";"Líder +25 años";"Líder en oftalmología Sevilla. Referente trasplantes córnea. Grupo nacional.";"Alta";"SÍ";"Líder +25 años trasplantes córnea";"Web corporativa con página local detallada, equipo, blog del grupo";"Referente en trasplantes de córnea (primer centro privado autorizado), 25+ años, grupo nacional Miranza";"Web corporativa sin personalización local fuerte, dependencia de marca nacional";"Crear landing page local optimizada para SEO, Google Ads para cirugía ocular";"";"";"ampliada+ampliada-v2"
"Next Fertility Sevilla";"Fertilidad";"Reproducción asistida, FIV, Ovodonación, genética";"https://nextfertility.es/clinica/next-fertility-sevilla";"";"info.sevilla@imer.es";"El Porvenir-Bami, Sevilla";"Sevilla (El Porvenir-Bami)";"";"SÍ";"SÍ";"Dos sedes oportunidad contenido";"Cadena nacional con laboratorio genético. Dos sedes en Sevilla. Fuerte inversión marketing.";"Alta";"SÍ";"Dos clínicas laboratorio genética";"Web moderna con blog, testimonios, información genética, presencia en redes";"Laboratorio de genética especializado, dos clínicas en Sevilla, inversión en marketing digital consolidada";"Marca menos conocida que Ginemed o Embryocenter en Sevilla, precios no visibles";"Aumentar presencia en SEO local, crear contenido comparativo sobre técnicas de reproducción asistida";"";"";"ampliada+ampliada-v2"
"Oftalvist Sevilla";"Oftalmología";"Oftalmología general, cirugía refractiva, retina";"https://www.oftalvist.es/clinicas/oftalvist-sevilla";"";"";"Sevilla";"Sevilla";"";"SÍ";"SÍ";"Red nacional";"Grupo oftalmológico nacional con presencia en Sevilla. Fuerte inversión marketing.";"Alta";"SÍ";"Red nacional";"Web corporativa nacional con datos de la clínica local, presencia en Top Doctors";"Grupo nacional con presupuesto, 25 años de experiencia, investigación propia";"Web genérica sin personalización local, dependencia de marca nacional";"Personalizar landing page para Sevilla, campañas SEM locales";"";"";"ampliada+ampliada-v2"
"On Clínica Dental";"DENTAL";"Implantes, odontología general";"https://onclinicadental.com";"";"";"";"Sevilla";"";"";"NO";"NO";"Clínica con enfoque en implantes. Oportunidad en marketing digital.";"40";"C";"SÍ";"Web con contenido detallado sobre implantes, guía completa, diseño moderno";"Contenido detallado sobre implantes (guía completa), diseño web moderno";"Marca poco conocida, poca presencia en redes";"Buen punto de partida para SEO en implantes, Google Ads";"";"";"ampliada"
"Poyet Fisioterapia";"Fisioterapia";"Fisioterapia, osteopatía, rehabilitación deportiva";"https://poyet.es";"";"";"Sevilla";"Sevilla";"";"NO";"SÍ";"Método propio oportunidad contenido";"Método Poyet propio. Diferenciación. Oportunidad en marketing digital.";"Alta";"SÍ";"Método Poyet osteopatía";"Web profesional con método propio explicado, blog activo, servicios detallados";"Método Poyet propio como diferenciador, blog activo, enfoque en osteopatía";"Marca poco conocida fuera de círculos de fisioterapia";"Posicionar el método Poyet como referencia, SEO de contenidos, Google Ads local";"";"";"ampliada+ampliada-v2"
"Sanitas Dental Los Remedios";"DENTAL";"Odontología general";"https://www.sanitas.es/dental/clinicas-dentales-milenium/sevilla/sevilla/sevilla-los-remedios";"";"";"";"Los Remedios, Sevilla";"";"";"SÍ";"SÍ";"Cadena aseguradora. Marca fuerte pero baja oportunidad para agencia externa.";"35";"C";"SÍ";"Web corporativa nacional con página local, sistema de citas online";"Respaldo de gran grupo asegurador, inversión en marca garantizada, red nacional";"Dependencia de marca, poca flexibilidad local, procesos centralizados";"Escasa oportunidad para agencia externa al ser gran corporación";"";"";"ampliada"
"SportMe Medical Center (Clínica Bernáldez)";"Traumatología";"Traumatología deportiva, cirugía ortopédica";"https://clinicabernaldez.com";"";"info@clinicabernaldez.com";"Sevilla";"Sevilla";"";"SÍ";"PROBABLE";"20 años contenido mejorable";"+20 años. Jornadas quirúrgicas propias. Web moderna con blog. Oportunidad en SEM.";"Alta";"SÍ";"20 años cirugía ortopédica deportiva";"Web moderna con blog activo, equipo detallado, jornadas quirúrgicas propias";"+20 años de experiencia, jornadas quirúrgicas propias como evento, blog activo";"Marca con doble naming (SportMe / Bernáldez) que puede confundir";"Apostar por SEO local para traumatología deportiva, Google Ads, potenciar marca única";"";"";"ampliada+ampliada-v2"
"UR Sevilla (Grupo UR)";"Fertilidad";"Reproducción asistida, FIV, Ovodonación";"https://grupointernacionalur.com/clinicas/ur-sevilla";"";"info@grupointernacionalur.com";"Sevilla";"Sevilla";"";"SÍ";"SÍ";"Grupo internacional";"Grupo internacional con tecnología avanzada. Fuerte inversión marketing. Alto ticket.";"Media";"SÍ";"Grupo internacional";"Web corporativa internacional con página local, tecnología avanzada visible";"Parte de grupo internacional de referencia, tecnología avanzada, inversión en marketing digital";"Página local genérica, poca personalización Sevilla";"Personalizar landing Sevilla, campañas SEM locales";"";"";"ampliada+ampliada-v2"
"Verkomed (Clínicas Verkomed)";"Medicina Estética";"Medicina estética, cirugía plástica, dermatología, láser";"https://www.verkomed.com";"954412160";"info@verkomed.com";"C. Hernando del Pulgar 11, Nervión";"Nervión, Sevilla";"";"SÍ";"PROBABLE";"Pioneros oportunidad SEO local";"Dr. Bartosz Kosmecki reconocido mediáticamente. Tratamientos premium. En Top Doctors.";"Alta";"SÍ";"Dr. Bartosz Kosmecki";"Web funcional, blog con artículos, presencia en redes, menciones en medios nacionales (Cuatro)";"Dr. Kosmecki como figura mediática, presencia en Top Doctors y Doctoralia, posicionamiento como clínica de calidad";"Web con diseño mejorable, información de servicios dispersa";"Crear campañas SEO locales, potenciar contenido en redes sociales con el Dr. como prescriptor";"";"";"ampliada+ampliada-v2"
"Vida Medicina Reproductiva (Recoletas)";"Fertilidad";"Reproducción Asistida";"https://vidarecoletas.com/vida-sevilla-medicina-reproductiva";"";"info@vidarecoletas.com";"Sevilla";"Sevilla";"";"SÍ";"SÍ";"Grupo Recoletas";"Grupo Recoletas. Red nacional. Alto ticket. Oportunidad en posicionamiento local.";"Media";"SÍ";"Grupo Recoletas";"Web corporativa grupo Recoletas, página local, información tratamientos";"Parte del Grupo Recoletas, red nacional, respaldo hospitalario";"Página local genérica, poca diferenciación frente a otras clínicas de fertilidad";"Personalizar presencia local, campañas SEM para fertilidad";"";"";"ampliada+ampliada-v2"
"";"";"";"";"";"";"";"";"";"";"";"";"";"";"";"";"";"";"";"";"";"";""
"";"";"";"";"";"";"";"";"";"";"";"";"";"";"";"";"";"";"";"";"";"";""
"";"";"";"";"";"";"";"";"";"";"";"";"";"";"";"";"";"";"";"";"";"";""
"";"";"";"";"";"";"";"";"";"";"";"";"";"";"";"";"";"";"";"";"";"";""
"";"";"";"";"";"";"";"";"";"";"";"";"";"";"";"";"";"";"";"";"";"";""
"";"";"";"";"";"";"";"";"";"";"";"";"";"";"";"";"";"";"";"";"";"";""
"";"";"";"";"";"";"";"";"";"";"";"";"";"";"";"";"";"";"";"";"";"";""
"";"";"";"";"";"";"";"";"";"";"";"";"";"";"";"";"";"";"";"";"";"";""
"";"";"";"";"";"";"";"";"";"";"";"";"";"";"";"";"";"";"";"";"";"";""
"";"";"";"";"";"";"";"";"";"";"";"";"";"";"";"";"";"";"";"";"";"";""
"";"";"";"";"";"";"";"";"";"";"";"";"";"";"";"";"";"";"";"";"";"";""
"";"";"";"";"";"";"";"";"";"";"";"";"";"";"";"";"";"";"";"";"";"";""
"";"";"";"";"";"";"";"";"";"";"";"";"";"";"";"";"";"";"";"";"";"";""
"";"";"";"";"";"";"";"";"";"";"";"";"";"";"";"";"";"";"";"";"";"";""
"";"";"";"";"";"";"";"";"";"";"";"";"";"";"";"";"";"";"";"";"";"";""
"";"";"";"";"";"";"";"";"";"";"";"";"";"";"";"";"";"";"";"";"";"";""
"";"";"";"";"";"";"";"";"";"";"";"";"";"";"";"";"";"";"";"";"";"";""
"";"";"";"";"";"";"";"";"";"";"";"";"";"";"";"";"";"";"";"";"";"";""
"";"";"";"";"";"";"";"";"";"";"";"";"";"";"";"";"";"";"";"";"";"";""
"";"";"";"";"";"";"";"";"";"";"";"";"";"";"";"";"";"";"";"";"";"";""
"";"";"";"";"";"";"";"";"";"";"";"";"";"";"";"";"";"";"";"";"";"";""
"";"";"";"";"";"";"";"";"";"";"";"";"";"";"";"";"";"";"";"";"";"";""
"";"";"";"";"";"";"";"";"";"";"";"";"";"";"";"";"";"";"";"";"";"";""
"";"";"";"";"";"";"";"";"";"";"";"";"";"";"";"";"";"";"";"";"";"";""
"";"";"";"";"";"";"";"";"";"";"";"";"";"";"";"";"";"";"";"";"";"";""
"";"";"";"";"";"";"";"";"";"";"";"";"";"";"";"";"";"";"";"";"";"";""
"";"";"";"";"";"";"";"";"";"";"";"";"";"";"";"";"";"";"";"";"";"";""
"";"";"";"";"";"";"";"";"";"";"";"";"";"";"";"";"";"";"";"";"";"";""
"";"";"";"";"";"";"";"";"";"";"";"";"";"";"";"";"";"";"";"";"";"";""
"";"";"";"";"";"";"";"";"";"";"";"";"";"";"";"";"";"";"";"";"";"";""
"";"";"";"";"";"";"";"";"";"";"";"";"";"";"";"";"";"";"";"";"";"";""
"";"";"";"";"";"";"";"";"";"";"";"";"";"";"";"";"";"";"";"";"";"";""
"";"";"";"";"";"";"";"";"";"";"";"";"";"";"";"";"";"";"";"";"";"";""
"";"";"";"";"";"";"";"";"";"";"";"";"";"";"";"";"";"";"";"";"";"";""
"";"";"";"";"";"";"";"";"";"";"";"";"";"";"";"";"";"";"";"";"";"";""
"";"";"";"";"";"";"";"";"";"";"";"";"";"";"";"";"";"";"";"";"";"";""
"";"";"";"";"";"";"";"";"";"";"";"";"";"";"";"";"";"";"";"";"";"";""
"";"";"";"";"";"";"";"";"";"";"";"";"";"";"";"";"";"";"";"";"";"";""
"";"";"";"";"";"";"";"";"";"";"";"";"";"";"";"";"";"";"";"";"";"";""
"";"";"";"";"";"";"";"";"";"";"";"";"";"";"";"";"";"";"";"";"";"";""
"";"";"";"";"";"";"";"";"";"";"";"";"";"";"";"";"";"";"";"";"";"";""
"";"";"";"";"";"";"";"";"";"";"";"";"";"";"";"";"";"";"";"";"";"";""
"";"";"";"";"";"";"";"";"";"";"";"";"";"";"";"";"";"";"";"";"";"";""
"";"";"";"";"";"";"";"";"";"";"";"";"";"";"";"";"";"";"";"";"";"";""
"";"";"";"";"";"";"";"";"";"";"";"";"";"";"";"";"";"";"";"";"";"";""
"";"";"";"";"";"";"";"";"";"";"";"";"";"";"";"";"";"";"";"";"";"";""
"";"";"";"";"";"";"";"";"";"";"";"";"";"";"";"";"";"";"";"";"";"";""
"";"";"";"";"";"";"";"";"";"";"";"";"";"";"";"";"";"";"";"";"";"";""
"";"";"";"";"";"";"";"";"";"";"";"";"";"";"";"";"";"";"";"";"";"";""
"";"";"";"";"";"";"";"";"";"";"";"";"";"";"";"";"";"";"";"";"";"";""
"";"";"";"";"";"";"";"";"";"";"";"";"";"";"";"";"";"";"";"";"";"";""
"";"";"";"";"";"";"";"";"";"";"";"";"";"";"";"";"";"";"";"";"";"";""
"";"";"";"";"";"";"";"";"";"";"";"";"";"";"";"";"";"";"";"";"";"";""
"";"";"";"";"";"";"";"";"";"";"";"";"";"";"";"";"";"";"";"";"";"";""
"";"";"";"";"";"";"";"";"";"";"";"";"";"";"";"";"";"";"";"";"";"";""
"";"";"";"";"";"";"";"";"";"";"";"";"";"";"";"";"";"";"";"";"";"";""
"";"";"";"";"";"";"";"";"";"";"";"";"";"";"";"";"";"";"";"";"";"";""
"";"";"";"";"";"";"";"";"";"";"";"";"";"";"";"";"";"";"";"";"";"";""
"";"";"";"";"";"";"";"";"";"";"";"";"";"";"";"";"";"";"";"";"";"";""
"";"";"";"";"";"";"";"";"";"";"";"";"";"";"";"";"";"";"";"";"";"";""
"";"";"";"";"";"";"";"";"";"";"";"";"";"";"";"";"";"";"";"";"";"";""
"";"";"";"";"";"";"";"";"";"";"";"";"";"";"";"";"";"";"";"";"";"";""
"";"";"";"";"";"";"";"";"";"";"";"";"";"";"";"";"";"";"";"";"";"";""
"";"";"";"";"";"";"";"";"";"";"";"";"";"";"";"";"";"";"";"";"";"";""
"";"";"";"";"";"";"";"";"";"";"";"";"";"";"";"";"";"";"";"";"";"";""
"";"";"";"";"";"";"";"";"";"";"";"";"";"";"";"";"";"";"";"";"";"";""
"";"";"";"";"";"";"";"";"";"";"";"";"";"";"";"";"";"";"";"";"";"";""
"";"";"";"";"";"";"";"";"";"";"";"";"";"";"";"";"";"";"";"";"";"";"""Clinica Dental Beatriz Mendoza","Dental","954 10 19 81","bmclinicadental.es","Calle Cantillana, 26","4,9","339",
"Viladent - Clinica Dental Montequinto","Dental","955 04 85 53","viladent.es","Calle Mesina, 34","4,9","41",
"Clinica Dental Carabe","Dental","954 27 51 96","dentalcarabe.com","C/ Asuncion, 78","4,9","184",
"Clinica dental De Castro - Periodoncia e Implantes","Dental","665 34 61 94","dentaldecastro.com","Cardenal Bueno Monreal, 33, Local 2","5,0","212",
"Consulta Dental Maria del Carmen Palacios Rodriguez","Dental","954 24 05 06","","Av. de las Razas, 3","5,0","1",
"Clinica Dental Jimenez Vallejo (Gestoma)","Dental","954 27 62 96","gestoma.com","C/ Asuncion, 77","","",
"Clinica dental MAEX Bernabeu","Dental","954 53 10 22","maexdental.com","Av. de la Borbolla, 61","","",
"Clinica Dental Clident Maria Salas","Dental","954 28 60 06","clident.es","Juan Ramon Jimenez, 27","","",
"Clinica DENTAL SEVILLA - Dr I. Gomez Mendo","Dental","954 28 31 17","dentalsevilla.com","Virgen de Lujan, 15, 1oA","","",
"Clinica Dental El Porvenir, Sevilla","Dental","955 52 47 24","clinicadentalelporvenir.com","C. Bogota, 25, local 4","","",
"Clinica Dental Arpon - El Porvenir","Dental","954 24 06 66","dentista-sevilla.es","Av. de la Borbolla, 85","","",
"Clinica Dental Helident","Dental","640 70 48 64","clinicadentalhelident.es","C. Monzon, 32","","",
"Clinica dental Gomez de la Mata","Dental","954 27 18 68","clinicagomezdelamata.com","C. Virgen de la Fuensanta, 1","","",
"Fatou Dental","Dental","655 56 80 21","fatoudental.com","Av. de la Reina Mercedes, 19A, Escalera B, 1o","","",
"Septima Dental - Sevilla","Dental","954 23 14 62","septimadental.com","C. Gaspar Alonso, 4","","",
"Clinica Dental Sevilla - Gallego Experiencia Dental","Dental","954 00 58 58","clinicagallego.net","Av. de la Republica Argentina, 24, Planta Baja","","",
"Clinica Dental San Bernardo","Dental","954 41 73 10","clinicadentalsanbernardo.com","Av. de Cadiz, 25","","",
"Clinica Dental Dra. Catalina Zaragoza Rascon","Dental","954 27 30 88","","C. Virgen de las Montanas, 9 A","","",
"Clinica Dental Yniguez","Dental","954 27 35 28","artedentalsevilla.es","C. Virgen de Regla, 1","","",
"ORTODONCIA SEVILLA","Dental","954 28 31 17","ortodonciasevilla.com","Virgen de Lujan, 15, 1oA","","",
"Clinica dental Garcia De Diego Salmeron Vicente","Dental","624 12 22 28","centrodentalgarciadediego.com","C/ Asuncion, 28","","",
"Dental Med - Clinica Dental y Medicina Estetica","Dental","954 04 00 66","dentalmed.com.es","C. Jose Saramago, 21","","",
"IMOS Clinica (antigua Maxilosur)","Dental","954 57 18 00","imosclinica.com","Calle Fernando IV, 40","","",
"Clinica Dental Avante","Dental","954 98 78 25","clinicadentalavante.es","Calle Dr. Losada Villasante","","",
"Centro de Implantologia Oral de Sevilla","Dental","954 22 22 60","ciossevilla.es","Virgen de Lujan, 26","","",
"AC DENTAL, Clinica Dental","Dental","655 76 76 36","dentistasensevilla.com.es","Av. de la Republica Argentina, 28, Local","","",
"Clinica Dental J. Queralto","Dental","954 62 67 06","clinicaqueralto.com","Ramon Carande, 15","","",
"CENTRO DENTAL GA DE DIEGO","Dental","624 12 22 28","centrodentalgarciadediego.com","C/ Asuncion, 28","","",
"Clinica ASISA Dental","Dental","954 92 65 64","asisadental.es","C. Espinosa y Carcel, 19","","",
"Koresdent - Clinica Dental Maria Victoria Alfonso","Dental","954 64 58 18","koresdent.es","C. Vermondo Resta, 10, Manz. 2 Loc. 8","","",
"Clinica dental Manuel Dominguez Andujar","Dental","954 45 25 39","clinicadentaldominguezandujar.com","Av. Flota de Indias, 24, 2oB","","",
"Clinica Dental Caser Sevilla","Dental","954 59 61 20","clinicasdentalescaser.es","Av. San Francisco Javier, 15","","",
"DEIMPLANT","Dental","955 44 39 72","deimplant.com","Av. Cristobal Colon, 29","","",
"Consulta Dr. Julian Conejo-Mir","Dermatologia","954 27 47 37","julianconejomir.es","Av. de la Republica Argentina, 32, bajo","3,8","111",
"Clinica Cantalejo","Dermatologia","666 01 47 13","clinicacantalejo.es","C. San Bernardo, 52, B-2-1","4,7","78",
"Francisco Camacho Martinez","Dermatologia","954 27 18 51","","Av. de la Republica Argentina, 22","3,7","18",
"Dermofit - Dra. Garcia Hernandez","Dermatologia","954 45 17 07","dermofit.es","C. Evangelista, 69-71, portal 13, bajo","4,2","85",
"Bueno Montés José","Dermatologia","954 27 00 25","","C. Virgen del Valle, 83","","",
"Dra. Lara Perez Naranjo","Dermatologia","669 98 69 50","doctoralia.es/lara-perez-naranjo","C/ Marques del Nervion, 72","5,0","3",
"Dr. Miguel Angel Muñoz Perez","Dermatologia","955 10 43 11","doctoralia.es/miguel-angel-munoz-perez","C. Balbino Marron, 8, 5o Planta, Modulo 12","3,6","40",
"Dra Isabel Gata Gata","Dermatologia","954 23 99 53","","C. Fernando Villalon, 3, 3 E","3,6","23",
"Sevilladerm, Clinica Dermatologica","Dermatologia","954 57 14 68","sevilladerm.com","C. Luis Montoto, 130C","3,9","31",
"Rodriguez Pichardo Antonio","Dermatologia","954 27 49 86","","Ardilla, 11, bajo","","",
"Centro Medico Quironsalud Los Remedios (Dermatologia)","Dermatologia","954 33 01 00","quironsalud.es","Virgen de Lujan, 3","","",
"Miranza Virgen de Lujan - Oftalmologia","Oftalmologia","954 28 00 00","miranza.es","Gta. de las Cigarreras, 1","4,4","155",
"Clinicas Tecnovision - Oftalmologos Viamed Fatima","Oftalmologia","606 94 14 60","clinicastecnovision.es","Av. de la Palmera, 2","5,0","6",
"Area Salud Ocular","Oftalmologia","954 28 38 75","saludocular.com","Av. Pdte. Adolfo Suarez, 2","4,1","88",
"Clinica Oftalmologica Dr. Lorenzo Trujillo","Oftalmologia","954 53 03 05","clinicatrujillo.com","Virgen de Lujan, 6","4,7","28",
"Unidad de Oftalmologia Tecnolaser","Oftalmologia","954 61 33 00","hospitalfatima.es","Gta. de Mejico, 1","","",
"Aguayo Canela Alberto","Oftalmologia","954 28 38 75","","Av. Pdte. Adolfo Suarez, 2","4,0","4",
"Clinica Doctor Sixto Carrillo Sevilla","Oftalmologia","954 28 38 75","drsixtocarrillo.com","Av. Pdte. Adolfo Suarez, 6","5,0","3",
"Clinica Oftalvist (Buhaira)","Oftalmologia","954 93 39 30","oftalvist.es","Av. de la Buhaira, 31","4,8","1002",
"Doctor Juan Luis Garcia Madrona","Oftalmologia","954 28 38 75","drmadrona.es","Av. Pdte. Adolfo Suarez, 2","4,2","13",
"Clinica Oftalmologica Dr. Martin","Oftalmologia","954 63 22 33","clinicadoctormartin.com","Av. Ramon y Cajal 41, Edif. Capitol Portal 2, 1oA","4,9","318",
"Quirofanos Area Salud Ocular","Oftalmologia","954 99 07 99","saludocular.com","Av. Pdte. Adolfo Suarez, 6, 8","","",
"CLINICA OFTALMOLOGICA SAN BERNARDO - Dra. Merchante","Oftalmologia","954 53 76 53","sanbernardoclinica.com","Edif. Maestranza, C. Clara Campoamor s/n","4,4","32",
"Dr. Adrian Hernandez Martinez - OFTALVIST","Oftalmologia","901 01 01 90","dradrianhernandez.es","Av. de la Buhaira, 31","4,9","9",
"Baviera (Av. Palmera)","Oftalmologia","954 29 67 44","clinicabaviera.com","Av. de la Palmera, 37","4,7","503",
"Dra. Maria Gessa Sorroche","Oftalmologia","955 25 07 94","topdoctors.es","Gta. de las Cigarreras, 1","","",
"Instituto Oftalmologico Andaluz","Oftalmologia","954 45 93 00","ioftalmologicoandaluz.es","Av. de la Republica Argentina, 31","","",
"Clinica Oftalvist (Ramon y Cajal)","Oftalmologia","955 11 16 11","oftalvist.es","Av. de Ramon y Cajal, 35, 3a Planta","","",
"Miranza Tecnolaser - Oftalmologia","Oftalmologia","954 98 84 60","miranza.es","C. Juan Antonio Cavestany, 14","","",
"Centro Avanzado de Oftalmologia","Oftalmologia","954 93 76 76","centroavanzadodeoftalmologia.es","Av. de la Palmera, 53","","",
"Baviera (C. Enramadilla)","Oftalmologia","954 29 67 44","clinicabaviera.com","Cl. Enramadilla, 3","","",
"Dr. Francisco Trujillo Berraquero","Oftalmologia","955 01 16 78","topdoctors.es","Cardenal Bueno Monreal, 56","","",
"Dra. Maria Isabel Relimpio Lopez","Oftalmologia","954 27 36 07","amirasclinica.es","C/ Asuncion, 3, 1a","","",
"Dr. Damian Rial Valverde, Traumatologo","Traumatologia","955 04 03 63","drrialvalverde.com","Gta. de Mejico, 1","4,6","127",
"Unidad de Traumatologia Viamed Fatima","Traumatologia","956 61 33 00","viamedsalud.com","Gta. de Mejico, 1","","",
"Clinica COT","Traumatologia","954 27 47 62","clinicacot.com","Juan Ramon Jimenez, 29","4,3","115",
"Unidad de Traumatologia y Medicina Deportiva","Traumatologia","954 61 33 00","","Av. de la Palmera, 2B","2,0","4",
"Dr. Cecilio Neila Matas","Traumatologia","954 28 26 36","topdoctors.es","C. Monte Carmelo, 71","5,0","6",
"Dr. Jose Cardenas Clemente","Traumatologia","955 01 16 77","topdoctors.es","C. Virgen del Valle, 31","3,0","4",
"Rafael Muela Velasco","Traumatologia","954 27 47 62","","Juan Ramon Jimenez, 29","4,0","22",
"Dra. Angela Tatay Diaz","Traumatologia","955 01 16 62","topdoctors.es","C. Progreso, 39","4,0","4",
"Clinica Beiman Sevilla","Traumatologia","954 08 97 03","clinicabeiman.es","Gta. de las Cigarreras, 1, Local 3","3,9","265",
"Ripoll y de Prado Traumatologia y CO","Traumatologia","954 23 61 19","ripollydeprado.com","Av. de Ramon y Cajal, 31-35","5,0","43",
"Dr. Miguel Angel Roman Canada - Pie y Tobillo","Traumatologia","619 31 23 78","drromancirugiapieytobillo.com","C. Diego de Riano, 4, 1oA","","",
"Dr. Francisco Javier Martin Ramos","Traumatologia","648 45 66 61","traumaspine.com","Ramon Carande, 5","","",
"Dr. Manuel Rovira","Traumatologia","651 60 72 38","manuelrovira.com","Av. Virgen de Lujan, 31","","",
"Traumatologo Ponce deLeon","Traumatologia","954 27 47 79","","Av. Flota de Indias, 6","","",
"Dr. Javier Sanchez de la Vega - Urologo Privado","Urologia","617 56 02 67","sanchezdelavega.es","Av. de la Palmera, 2","4,4","29",
"Unidad de Urologia Viamed Fatima","Urologia","956 61 33 00","viamedsalud.com","Gta. de Mejico, 1","","",
"Dr. Antonio Medina Gonzalez","Urologia","854 61 24 97","topdoctors.es","C. Virgen de Robledo, 3","3,5","12",
"Dr. Alberto Garcia Escuder","Urologia","854 61 10 61","topdoctors.es","Gta. de Mejico, 1","3,3","7",
"Dr. Ruben Campanario Perez","Urologia","854 61 24 97","topdoctors.es","C. Virgen de Robledo, 3","","",
"Dr. Francisco Rivera Muñoz","Urologia","854 61 26 17","topdoctors.es","C. Rafael Salgado, 3","4,5","8",
"Dr. Daniel Perez Fuentes","Urologia","602 62 68 53","viamedsalud.com","Av. de Jerez, 59","5,0","27",
"Clinica Londres (Los Remedios)","Medicina Estetica","954 91 17 68","clinicalondres.es","Av. Pdte. Adolfo Suarez, 20, Local Bajo","","",
"Virelle Medicina Estetica","Medicina Estetica","680 34 53 16","","Cardenal Bueno Monreal, 56","","",
"Clinica Doctor Ortiz","Medicina Estetica","954 28 60 18","clinicadoctorortiz.es","Av. Pdte. Adolfo Suarez, 26","","",
"Clinica Imedic","Medicina Estetica","660 22 86 15","clinicaimedic.es","C. Virgen de la Consolacion, 18","","",
"AesthetiClinic","Medicina Estetica","669 13 64 71","clinicamedicinaesteticasevilla.es","Av. de la Republica Argentina, 46","","",
"CLINICAS ATHENEA","Medicina Estetica","647 73 36 15","clinicasathenea.com","Policlinica Los Remedios, Virgen de Lujan, 31","","",
"Clinica Doctora Garcia","Medicina Estetica","954 61 87 80","clinicadoctoragarcia.es","Cardenal Bueno Monreal, 8","","",
"Dr. Perez-Cerezal","Medicina Estetica","955 13 14 01","drperezcerezal.es","Av. Pdte. Adolfo Suarez, 10","","",
"Centro Medico Estetico Sevilla Los Remedios","Medicina Estetica","954 04 50 82","centromedicoesteticosevillalosremedios.es","Av. de la Republica Argentina, 1, Local 2","","",
"Dra Isabel Durban","Medicina Estetica","696 87 20 67","doctoradurban.es","Hospital Viamed Fatima, Gta. de Mejico, 1","","",
"Clinica Vitaluz","Medicina Estetica","955 51 52 25","clinicavluz.com","Av. de la Republica Argentina, 20","","",
"ANTIAGING Maria Jesus Marquez","Medicina Estetica","657 22 27 65","","Virgen de Lujan, 26, Local 3","","",
"Clinica EGOS and Bloome Sevilla","Medicina Estetica","637 09 83 99","clinicaegos.com","Edif LA PERGOLA, Virgen de Lujan, 30, A","","",
"Clinicas Love Sevilla","Medicina Estetica","628 69 39 26","clinicaslove.com","Virgen de Lujan, 22","","",
"CLINICA EMME - Marpemedical","Medicina Estetica","634 72 71 12","clinicaemme.com","Calle Fernando IV, 27","","",
"METODORAIL","Medicina Estetica","607 87 21 05","metodorail.com","C. Sta. Rosa, 7","","",
"Clinica Reina Mercedes - Dra Chabrera","Medicina Estetica","954 61 26 40","clinicareinamercedes.com","Av. de la Reina Mercedes, 29","","",
"Meye Los Remedios","Medicina Estetica","854 88 20 48","meye.es","C. Virgen del Valle, 61","","",
"Clinica Cifuentes","Medicina Estetica","673 04 29 40","clinicacifuentes.com","CCViapol Center, C. Pirotecnia, sn, Local 5","","",
"Dr David Medina Varo","Medicina Estetica","954 61 33 00","doctormedinavaro.com","Paseo de la Palmera 2b","","",
